trainer_id,name,email,phone_num,expertise_area
625bf075-3da5-4c2a-a439-85b4477b43af,Joshua Leblanc,brittanylewis@example.org,7960109138,Management
778c9112-6e09-4aa9-b799-05b66070a9b0,Tracy Carr,kelliwilliams@example.com,6710425850,Marketing
d308d3fb-3d95-40c8-944b-ea1c4028fd7a,Carmen Conner DDS,walkeralyssa@example.net,2572343094,Software
ef602b77-bae9-489f-a928-1c4c2c4ee1f2,Christopher Kerr,peggyjones@example.com,4691207782,Marketing
28375c4a-50df-49e1-9c0d-56709e3b60ae,Randy Miller,dbartlett@example.com,3088948128,Marketing
e71c939c-287c-4b4b-9677-c36536d86911,Jason Roberts,jeffreymurray@example.com,8634961613,Management
2f8f8b6d-c24d-4c58-a036-b1c4ac685bd0,Mrs. Sierra Miller,wagnerjose@example.net,6950820739,Marketing
838cfd42-483e-426f-8b76-019d4a6d60cc,Robin Duran,simmonskatie@example.com,6884345346,HR
42d8d5d5-bbfc-471d-b5ff-7ec5ee028caa,James Tucker,qyoder@example.org,4926678617,Marketing
d8dbde76-6ef9-4713-8dc3-7d33481989f3,Adrian Crawford,mayallison@example.com,3238290214,HR
1d365090-030c-4ed2-b5c6-584957907ef7,Misty Martinez,davidmiller@example.org,8577503538,Management
79e222ed-162b-42c1-a1b2-9019baece91e,Larry Pena,andrealewis@example.org,745794422,Marketing
1124dd31-5020-4c96-99ff-dc93c311956a,Gabriel Mcclain,brian32@example.com,4693415606,Software
5611ce42-46c4-4180-b932-f07c01516891,Scott Chen,jeffreyortiz@example.com,3736247595,Marketing
12886b81-452b-4644-9e8d-f4f32ac1eeec,Stephanie Floyd,toddrodriguez@example.org,8257285087,Software
23ad6982-6f7d-46fe-8bde-f4fa03591df5,Terry Bailey,katherine50@example.com,4036855641,HR
7c6418be-46ad-46e9-a223-7faef6c2afb8,Michael Roberts,elliscarlos@example.com,5299835180,Software
2e4e5d46-ab42-4d2e-8bde-cb95899f62fa,Gerald Romero,benjamin00@example.net,1812305853,Marketing
6a3bbd6d-b4c8-49c9-8840-73b33cef029a,James Evans,elizabethtaylor@example.com,3365707105,Marketing
3e3789be-f385-4575-8d8a-25f01fe92bc5,Annette Weiss,stephaniemccarthy@example.com,2923711609,Marketing
b2fcae4a-83d0-4dfb-a539-0bff988a9922,Christopher Hansen,jasonwyatt@example.com,5367158709,Marketing
6130a9ea-38ec-469b-a5e4-ea48f85166cf,Rebecca Armstrong,chad08@example.net,9595272396,Management
cd29800f-d9c4-430f-84c6-397e7d03074e,Penny Banks,bushtoni@example.org,2807232243,HR
2dc10987-1d9a-4c90-b09c-6c33dcd03739,David Rios,olsondouglas@example.net,5235639221,HR
fc9bce59-b8ae-4f47-a43b-047ce96fc59b,Sarah Mcdaniel,kelleypeter@example.com,5078441903,Marketing
90d0401a-6c2b-4537-9bc3-f20eaa196d08,Nicole Robinson,farmeradam@example.net,9932507173,HR
cd6a4f2b-d22f-47dd-a5b2-1360249da894,Kimberly Smith,mary16@example.com,3455016897,HR
d624977d-5953-48d4-aeb8-597f3bb15e66,Jennifer Morrison,wheelerdavid@example.com,1400791752,Software
ad7e4a6d-480f-439b-b71a-93ab38af9f7d,Martin Hicks,caitlinpayne@example.org,6204805532,HR
bc28a2ad-d2a7-4175-9acb-9bd727360337,Jason King,ryancruz@example.org,2517057586,Marketing
25abb7f6-1687-4359-bd2a-096f95c41b28,Jane Bridges,hawkinsscott@example.net,9026702413,Software
4360da63-a860-4d60-9df3-09e78dc9582f,Shane Brown,philippalmer@example.org,4133033113,Marketing
20e9c0d9-9ad8-4a4a-a487-549dc16094b6,Linda Morales,ethomas@example.com,8963323661,Marketing
155f35df-c4b9-4c11-bb6c-369e272bf34a,Shannon Fowler,tracy31@example.net,5614725165,Marketing
bd9aacf8-378d-466a-90fa-3538bcb55d9c,Keith Ford,jasonyoung@example.org,3798583302,Software
45ed7096-b12c-4a2d-8e34-a522a2f6b5e7,Elizabeth Lopez,meganjacobs@example.com,9685955134,Management
a78dd9af-ee82-4735-932a-ffc694654fe4,Gwendolyn Barnett,stewartdaniel@example.com,2605956716,Software
173c2e65-f8b7-4f3c-a18c-12f387aac187,Kimberly Myers,dhernandez@example.org,4983165977,Management
dc796bcc-01bb-4154-876d-34a9ad25fb7e,Joel Prince,isaiahgutierrez@example.org,2830353946,Software
108f2117-6f03-40ec-bc73-067205c0a53f,Patricia Barry,gene84@example.net,815718898,HR
96e6bd32-3e5b-46c7-8b00-8f2dc0be63dc,Christopher Hall,turnerashley@example.org,3552287072,Management
9e1b81ce-6ab5-4b6f-943e-d77d47216f31,Steven Kelly,longcrystal@example.com,1358177271,HR
a67f85e7-fb96-49e5-9407-41a9cb16e268,Jeffrey Wong,laura78@example.org,1143488305,HR
d23b1cbc-7cf7-485b-a4f6-17eae10009d8,Matthew Lawson,michael24@example.com,6704436579,Management
02175972-82d6-4102-8a41-5c2330da40c7,Sandra Decker,eric92@example.com,1872111181,Marketing
3f305583-01d3-48b3-a29c-ad215fdbcdf4,Kimberly Vaughn,katrina77@example.com,4532961334,HR
e262bb51-0fc9-4077-93ff-18cf768c3c9c,Jeffrey Cameron,robertperez@example.net,8115555038,Management
81a9e85c-b5fb-4817-b035-6b1d26120e0b,Mark Torres,jeremywilliams@example.com,5926620169,Marketing
4b95d5da-44ec-40ab-a29f-dd8bbeecb2a7,Roberto Cabrera,romeroandrew@example.com,1391897614,Software
af0808fe-1c6c-454d-93d3-87a8ac4b9d4a,Jeanne Burton,millermelissa@example.net,8548308214,HR
cbdfe0e1-673b-477c-8066-7fce25e2a8aa,Toni Flores,christineswanson@example.net,8704448264,Marketing
6fb08c3b-bc20-46bf-9ff8-181218972981,Craig Burton,jvasquez@example.org,6299642071,Marketing
5df11504-f8de-494c-8f0b-491145ce0053,Mr. Christian Jones Jr.,jeffvaughan@example.org,688936521,HR
487f5b88-bb87-4cf6-b3e5-1d99884c684d,Jeremy Moore,williamspaul@example.net,3597541517,HR
f06c55e4-e4d5-4780-a556-7a31be858ea0,Steven Barnes,jacob02@example.org,5237732657,Management
05a18d82-95dc-43d4-9c60-01a469605f56,Nicholas Barron,lsanders@example.org,159984002,HR
2bd1f655-932a-4eb0-b905-ad9d3064cabe,Ian Gonzalez,sandrahudson@example.org,5472172964,Marketing
cb54023f-9d12-4561-92d8-69c8fc824216,Andrew Taylor,hbenjamin@example.com,3886049975,Management
bed786aa-de89-47fe-95a1-51007597d60b,Tracy Escobar,jkelly@example.org,6871362969,Marketing
54326dd7-40e1-4278-8a23-4112155332da,Danielle Wolfe,wyork@example.org,7404869212,Management
58688551-619f-4712-a22a-213fe313ca1f,Daniel Anderson,gshaw@example.org,293215877,Marketing
771c4b62-2f75-4d01-b318-aa6c5781c16e,Mark Meyer,campbelllisa@example.org,1202974248,Software
d2e5238f-0d41-4c16-98fa-c7e1727e54e2,Jeremy Wiggins,kenneth39@example.net,7503465370,Marketing
29acfb5c-be55-4e44-801b-cb6b213f6cc9,Katherine Lawrence,turnermark@example.net,9499040994,HR
dbdc600c-14a5-4f9c-bddc-0d964f880e62,Steven King,alec14@example.net,8144646161,HR
ded34d8c-b61a-4a52-8f26-3cb04dfdc93e,Laura Nicholson,dlopez@example.org,7092777004,Management
c089d87e-715c-4b38-8645-0b6208c23c9d,Rachel Yang,jessica75@example.org,5722743018,Software
2ed4f323-1de8-412d-8a3e-4546c0add4f9,Danielle Luna,dmullins@example.com,8199525167,HR
97bfeb9e-024b-40df-aee1-f10cbc1ef71a,Michael Ruiz,christopherpayne@example.org,6432948040,HR
eefd430c-9a3c-466b-9dfb-9fc7dc8862c0,Sandra Stephens,karen56@example.net,9974460121,Marketing
ecee6102-b644-47c7-b228-9577886fc5bd,Noah Brooks,glenda88@example.net,9180580531,HR
de23bf69-5c07-4208-a735-519ea43929cf,Alexis Duncan,ostewart@example.org,7817770870,Marketing
800c4b75-523f-484f-a028-6b75bbfa0eab,Vincent Wright,mcconnellemily@example.com,2188243068,HR
246535a2-563d-43d8-91cf-7cc4955ef5c9,Margaret Walter,lindsayturner@example.com,227992765,HR
8f0cdeaf-1fe6-4410-b230-ea4e733bfb4d,Alexandra Cole,melissa99@example.org,3614831447,HR
4f9a9c8a-6069-455a-a4ac-2529e00eb41d,Victor French,ginalandry@example.net,19443352,HR
94f1669e-5299-4377-ae42-25cc61768e0d,Billy Mercado,tiffanystevens@example.org,690752587,Management
8f6af9ec-bc5e-44c4-a548-12cbe04f2860,Jessica Chung,guerrerosara@example.com,3042998905,Marketing
6f32f592-3364-4afe-b1a1-0b8b81e85a76,Sandra Parks,padillasteven@example.com,6144423574,Management
be9ee421-4fcc-4b90-a27a-0a5d5d94b227,Walter Richmond,christopher65@example.net,2806609402,Management
54ff1dec-ebcc-4fa1-9261-6f7ac00551c3,Tamara Wu,cdiaz@example.net,1742052346,Software
d2234f55-0744-4a30-bd45-188bc9f3e333,John Holmes,haley69@example.net,1167287763,Management
38967648-c1fd-4234-bc6c-b4533dcdb08e,Brendan Rios MD,zlewis@example.net,7946529955,Software
724a0c06-fc17-40d3-a0ed-1764c053c1d3,Jesse Hoffman,cynthiapatel@example.com,9049784686,Management
96ac6aca-16f2-4fdc-a214-dcfdeeabdfa4,Robert Watson,gregorycarter@example.net,6934627544,HR
2d37b05f-a875-42c8-9581-b3a645542cc1,Angela Hopkins DVM,robert77@example.com,9195597865,Management
8e393b51-9459-481a-b145-7ef91ad04a0e,Karen Martinez,daviscynthia@example.com,2525850496,HR
7b50a726-8fd7-44e1-b288-6e4a1f94757b,Stephanie Reed,madisonhancock@example.net,6886073438,Marketing
80922d57-8306-40fd-a9d7-9ce04df986c9,Michael Williams,valerie06@example.net,1631417749,Software
9ff41d60-0c0a-47a5-84f5-761b7269986b,Terrence Johnston MD,katherine77@example.com,6623685132,Management
5bbced05-3aa0-4e5c-bd41-5fe19194ebbf,Dana Johnson,alice41@example.org,7423651533,HR
0b2bce28-1023-4c3c-bb83-8d44dce90886,Nicole Wiggins,bjohnson@example.com,4218976566,Software
4453ca80-93c6-4650-8a3a-d22ff7dd9851,Debra Spencer,reynoldsaaron@example.com,9236783687,Marketing
9b928906-a4b2-4e41-be32-727f048da8aa,Mitchell Walker,amanda79@example.net,1280394201,Marketing
af9071b1-ca22-47c3-8345-32ca04c79316,Marcus Watson,jjones@example.net,1516996830,HR
9dfcd6fb-2b6b-4d36-b59b-83bc7bcbae19,Rodney Lambert,sara88@example.com,7951352469,HR
e53a4fd3-a458-41a0-808c-8c2320a3fe4a,James Harper,anthony39@example.org,1601332437,Management
ea8deef3-78a3-4c8d-a2aa-d4200394b70a,Holly Cummings,yalexander@example.net,1509194622,Marketing
13f8ac1f-4f28-4277-a002-e91c7ee56b24,Tara Clark,rebeccajensen@example.net,8843114219,Software
6bb06a4f-e5c6-496a-8960-945d19c75067,Rebecca Gonzalez,yhunter@example.com,6967099556,HR
08e07883-a8ed-4e9a-94b3-847592d8c7ae,Laura Griffith,bvega@example.net,2854037016,HR
2ff95833-7c8f-4484-86b8-121c28fd14bd,Clayton Macdonald Jr.,rogermckinney@example.net,389521419,Software
9d25c92d-3558-4018-96d4-8a458d482c7d,Jeremy Kelly,jamesandrews@example.com,5473150032,Management
7a05533d-afe3-47c8-8001-e9b86937fdce,Monique Miller,olewis@example.com,8057637932,Marketing
82f873fa-1e8e-49ac-8944-23910d56185e,Brian Davis,jacobkennedy@example.net,7674693414,Software
f2500b8b-2f66-4d45-a259-24509ed2c4b2,Daniel Molina,robinhughes@example.com,4175357427,Management
8da7090b-1806-4693-865a-883aa28a9853,Mr. Austin Thompson MD,richardmurray@example.org,3491894821,HR
462f3b17-7178-43a5-a2ca-6699511681de,Michael Obrien,thompsonelizabeth@example.net,1255087880,Software
6b696a31-89dc-4f0e-b39e-ecbe032be2a9,Lindsay Cooper,wrightamanda@example.net,1747848655,HR
0b0f8d91-a1db-4d88-8cf4-bccbf52aa592,Andrea Guerrero,fwolf@example.net,4340054684,Software
a319e975-c0e3-4e94-bee4-5594cab5e3af,Mathew Gonzales,mariechase@example.org,2926013348,Marketing
63a2a275-2c4d-4476-916b-3277987e6331,Dave Roach,lopezmiranda@example.org,8149987311,Software
c29a5436-59de-48c6-aeac-c3f652dacd20,Nathan Hunter,warnertravis@example.net,8040650254,HR
d8954ce9-9561-4e95-ae95-401d014cef31,Gina Humphrey,nunezcarl@example.com,3182448568,Management
c943edd4-b9d9-4364-87c9-5daeb3e8a285,Sarah Turner,tayloreric@example.org,9531786586,HR
0d2d7df7-384a-42b3-b27c-9e299b6ab4e1,Alejandra Collins,annlarson@example.org,200380468,Management
75917416-9615-49f8-8cbe-0601bff7042f,Katherine Sandoval DVM,cortezbarbara@example.net,3346608500,Software
91039a40-e5ae-4dd5-b390-5b384a2c2fbf,Barbara Tucker,michelledaniel@example.com,998811664,Management
655e7223-de25-4032-b144-c353c2a4e91b,Monica Newton,coopertheresa@example.org,2344196601,Management
93f767cf-4dec-45e1-969f-c904bdf37784,Michael Fuller,rogerpotter@example.com,3126700994,Marketing
33968b14-9b0c-4eec-ba8d-a1f271c87b18,Kimberly Nguyen,brianlynch@example.com,9400405598,Management
17292b54-0036-4599-b48c-cc967bb2e77b,Victor Jones,marissa64@example.org,4838919586,Software
97621170-1057-4193-ae10-b2d500246076,Jennifer Brown,nelsondavid@example.net,9967692737,HR
c0298159-fd6f-4888-b8ca-ad5222f2d862,Marie Manning,ihartman@example.org,9383218996,Management
8f99f41e-0020-4e0f-ac62-467bf5de2caa,Brittany Mueller,angelicagarcia@example.net,1736119466,Management
ed6139d8-0a8c-4ae5-908a-50ebeee8e641,Richard Escobar,khoward@example.org,3763297228,HR
ff75bc0f-342c-4701-995a-5f4cd8880909,Dylan Horne,robin71@example.org,1683337869,Marketing
a1f0f3fa-c7e6-4f65-a78a-9ecead84ca0e,Christopher Moore,angela39@example.net,7728355175,Software
abecfcc4-fa35-42ed-8957-13d5e6475022,Rodney Griffin,nicholasbutler@example.com,6493964171,HR
bd0a3a1e-7478-44fd-a432-d158cd64e90f,Tiffany House,berryjane@example.net,4912782459,Management
6acb0e9c-70c0-47cf-9921-7119adac2ec8,Bryan Jones,pittsterri@example.com,6247505839,Management
943185db-e146-4143-8de7-beda2a9b9c1b,Martin Franklin,april84@example.com,4465547236,HR
b7d9b78f-e320-4ee2-bab2-26816cb04735,Michael Burke,shawtracy@example.org,3195182408,Marketing
687a7689-1b6e-4257-82c3-857bb57fb5d7,Mary Morrison,gallaghereric@example.org,2809779911,Marketing
a552bd55-0c14-4a03-ad6e-530d3be64fee,Daniel Ross,maxwellcarrillo@example.net,1222313256,Management
9734f1b1-c9e4-4e95-94c2-361cb013cfe2,Monica Dunn,mirandavictoria@example.org,2166327388,Marketing
c391d15e-ff13-47cd-a466-932cf5da91fe,Barbara Gonzales MD,ecrawford@example.net,2090738034,Management
9741fc31-df7d-4800-b20a-c6fb292b95a0,Matthew Thompson,joshua29@example.com,164905252,Management
65972818-1fa1-4e90-bdf9-5b1456c6e840,Charles Stewart,ghoward@example.org,5720690778,HR
c13f14aa-08a7-4068-8a98-e9789ac1e85e,Michael Webb,irwinjulia@example.com,8551590938,Software
fd883265-537a-4ef1-b93c-dd7abcedaa01,Catherine Garcia,bosborne@example.org,4236218468,Software
f68b4c0f-bea2-40e4-b0c5-0a628e1a5b77,Madeline Ray,halltina@example.org,6607003885,Software
1aa2ecf3-932a-44a2-ac6b-e5bd2ff6e141,Hannah Collier,caitlin94@example.net,1702668395,HR
688f3d98-ca99-4353-a9b4-e7901916a2ba,Linda Gonzalez,kerry24@example.net,3907951584,Management
493d00da-f48d-406a-be67-7fc65e213295,Lee Ryan,kjenkins@example.net,3532317210,Marketing
229cc620-72e0-4b54-967e-41505570b9ef,Andrew Graham,qnelson@example.net,1624802326,Marketing
4fe500b7-152d-47b4-91cc-29f4fc846cb2,Ann Hernandez,qlowery@example.org,9650433629,HR
3c545bac-2bac-4701-a615-871c8e06915c,Natalie Dennis MD,tmatthews@example.org,6122579298,Software
9b51dfbe-7a18-4ed5-9029-60af49c133fe,Brian Wood,jessica19@example.net,1601932747,Management
82236143-8553-4a11-92a9-ae2db8264b80,Joseph Carson,timothy98@example.org,2301443433,Software
87d16d2c-146e-4c76-86d5-1a04ca7657be,James Aguilar,smcdaniel@example.com,6595015764,HR
1d1c32bf-a508-4a29-a38f-7cc1d0417192,Ryan Martinez,rharrison@example.org,194283372,Software
ccba1255-8ef0-424b-80ff-2fa308ac90d4,Samantha Flores,jesseellison@example.org,3349211937,HR
60e928c4-115a-441f-b057-9f1908f03eaa,James Mcdonald,vlove@example.com,9945938351,HR
a57afd10-52d2-4e0d-8d9f-ad643ea7741f,Alexander Roberts,davidlawson@example.net,5826997506,Management
56007168-9959-41aa-81e2-87e3a867dc26,Tammy Fox,patrick02@example.net,6311399794,Management
67f1204e-ad23-4501-8d99-33d01a1eb782,Joann Gray,stevensandrew@example.org,9029881872,Software
ec90907e-2f44-4d61-9b73-bb861bd16750,Michael Jenkins,maymichael@example.com,4960967418,HR
0d39a145-e699-460e-879d-0cb4660a8e44,Ana Brooks,xchen@example.com,9676573325,HR
2000a0c3-6667-4dac-8128-bd3d46608f37,Deborah Harrison,ojohnson@example.com,1379370668,Software
f370611a-0f49-4cf9-833c-ef2229c30b7e,Carlos Townsend,robertpatel@example.net,6011247115,HR
cd3f4680-eb3a-4ee0-989e-8d257381ff25,Matthew Kim,robert77@example.org,5788249510,Software
f8ed58d4-2b73-47f6-b38e-fdfcbca18730,Anne Bass,stacycraig@example.com,1298733828,Software
3490b7ce-b4b7-4ca6-9bc2-a3354e0b61e9,Randy Larsen,qfry@example.org,2403117343,Marketing
e82e2137-14d6-401a-9ef0-f82bbe36e9db,Justin Ellis,qrobinson@example.com,8469542503,Marketing
6fd34d99-2aae-49a3-9670-3d993085399c,Beverly Campbell,brandongibson@example.com,2274374750,Marketing
f4056d4a-58a1-40d1-a6e2-6cb3f498ecdd,Suzanne Hampton,jonesnancy@example.com,4706824517,HR
35d5f84e-df91-4a30-9b93-258a796f8549,Laura Tate,amber18@example.com,6531580450,Software
13bef161-0431-4ebc-9949-f315de4e655d,Stephen Robinson,andersendawn@example.net,9941718468,Management
d9e05594-d6f8-4504-b71b-a1da90fce5e1,Kathleen Martinez,kimjames@example.net,2567693332,Marketing
95783a1b-ecef-4fe7-9070-a1c67393bbc1,Natalie Ellis,powelljennifer@example.com,2791438204,HR
69d0c298-f98b-43b1-a4a6-7bb51dbcaf41,Stephen Mendez,nelsontony@example.org,8161641777,Software
cc0feaa9-0e69-4f15-9934-4a4385f27738,Laura Chapman,angelica43@example.org,4548174014,Software
dabe285e-86fa-4534-94e7-9b14d31b552e,Victor Farmer,drivera@example.net,3706740887,Software
db9efcd6-cb77-4941-8b7c-d6f01dca8983,Maria Thompson,nmoore@example.org,3454434632,Management
c0bb312b-fdab-4091-b87e-60c4a9e9e8cf,Chris Kelley,nicholas95@example.org,5448534971,Management
88397e34-75cf-4d17-ae41-cc50d8177dd8,Garrett Boyle,hannahdyer@example.com,9627681326,Software
fbbb8086-fe01-472b-9b9b-746a0d4dbdc3,Dana Anderson,marcusperkins@example.org,108085639,Management
86ee2a2c-bceb-4809-90dc-e398d4ab97e5,Caitlin Thompson,jordanmichael@example.org,9483253367,Marketing
79de161b-7485-4237-a5ad-5fb8cfb1b04f,Leonard Davis,vlambert@example.net,8334552372,Management
8a1f775d-4c3e-4c7e-9c2f-79d88183f6b0,Peter Hickman,shawhannah@example.org,9260160492,HR
2951be20-8dd2-4861-91c5-754a969466bf,Justin Wade,michael07@example.org,5651809104,Management
4d6716ce-d3d3-4155-9b7a-be7e133ae1f7,Kendra Orr,walkeramanda@example.com,3807822498,Software
e601d0d6-c1cb-46c0-b8dd-9bc8c4ab82ea,John Campbell,nmonroe@example.com,8942758058,Management
2d0cbb87-fa3d-4f4b-89d6-fc8242481185,Lauren Dougherty,patriciaparks@example.com,4341135247,Marketing
d4310b09-8cf5-4d79-9262-a034adc1a484,Justin James,woodskathleen@example.org,5133299697,Management
85ef4dc6-2ff5-47a2-8af9-f5d03d80f881,Jay Nguyen,zachary47@example.org,6952119655,Software
eec00037-2619-4a9d-a06c-09cc2563ab0b,Melissa Odonnell,frank87@example.net,3470933634,Management
1d27f90b-4318-4275-ac44-11f36103dc1e,Kayla Burton,campbelljose@example.org,2256950206,Software
012e61dc-f923-43a7-beff-d8bdf2a107e6,Mrs. Janice Lopez,frankpeck@example.com,9507808995,Marketing
cfb4f93e-3f21-463d-94ec-5fff9d995ce1,Mr. Xavier Navarro,margarettorres@example.net,7428848589,Marketing
91f707de-30bc-4e89-989c-22bc0e4719c1,Jesse Morrow,justinwebb@example.com,9739835417,Software
75de9b59-0cde-4675-a0f6-9524eb6edf2c,Stephanie Cook,joseph01@example.net,6215198373,Software
29f86859-aa17-43f6-b3c0-6b0f89d53902,Sarah Thompson,ashley00@example.com,125411744,Marketing
6a569a96-6eaf-41f6-94a6-fd9a6aa38b59,Yvonne Robles,stewartpaula@example.org,4224267386,Marketing
bc464498-4d0e-4190-ac19-9bda75616c10,Jill Jones,julie40@example.org,5503155235,HR
6432cf20-c7a6-4cb7-b0cd-a3f3d5a99f40,Renee Thomas,christopher24@example.org,3079283886,Management
59db94aa-8485-46ee-8be8-94214150c94a,Sandra Harrison,qfowler@example.com,1726181054,HR
bb1f582e-7c89-4d6c-ab00-00ca77db8b55,Keith Mitchell,mullinsteresa@example.org,727990320,Marketing
725c69d8-3f8c-461b-9993-417e6b3fa8c5,Carlos Walker,ihill@example.net,4410258538,Software
78d6e4a2-1993-4a3d-a85d-366b8bc8cb62,Jennifer Cook,laurenmendez@example.net,8007652016,Marketing
dffe5e57-b3dc-462b-9796-7982cec49334,Rebecca Sanchez,tgentry@example.net,1488817448,HR
ca5b85f0-7926-43d8-949f-e9fc569bb2d1,Joseph Taylor,dmann@example.com,889220721,HR
fb239dda-717d-4725-96c4-ef216b6c9d40,Melissa Moss,vsmith@example.org,6863356158,Software
40446ebf-96db-4ad2-a40f-6a90628b4ea5,Scott Anderson,marissalopez@example.com,2359218158,Marketing
6e0beaa7-5293-4cfa-a9de-126bd45ee24a,Joshua Howell,bergercaitlyn@example.org,9452176871,Software
c705f65f-8882-4842-be7e-a99f69a32f85,Brian Ruiz,timothy04@example.net,4603864170,Marketing
903ab36a-0bd1-4a02-8b55-da9b8ba4c584,Christopher Beard,joneschristina@example.com,6816528745,Management
40fed25c-8b2a-49ee-835d-df0d83304147,Elizabeth Adams,margaretvalenzuela@example.com,7788638644,Marketing
1297934f-7bbd-4b2c-98e6-91b91070fedd,Gregory Molina MD,uirwin@example.org,3969721881,Software
0febab01-a638-43a5-8352-6a5fcfbed9ca,Amanda Johnson,rachel60@example.com,8852735767,HR
4d850861-2527-4761-8a72-0af66893261f,Craig Casey,brittneybishop@example.com,5321268000,Marketing
cf1d36d4-3e53-4c72-96ec-27e304e008e4,Nicole Gamble,andrew12@example.com,7531118750,Management
17f3fb85-e8eb-4561-8bdd-3b3cd7f4b19d,Krystal Riley,jknight@example.org,5748792037,Marketing
a3e9b773-fd5b-4d71-93d8-8d4a4009bce9,Andrew Rogers,nanderson@example.net,2667535126,HR
ffdd33d0-54a1-48af-b2b0-ae550ccd75e6,Robert Bell,tthornton@example.net,2528103909,Marketing
1afefa2a-ea89-4ff6-9008-8b27ab1100a2,Laura Cobb,amy04@example.org,1903459508,HR
ce14794b-883d-4fe0-b348-cba545ef79c4,Erin Olsen,danielirwin@example.net,4188255272,HR
334216ad-f406-476b-b078-1baa32a2bc4f,Ryan Brooks,louis88@example.net,7508900879,Management
3add8c43-85a8-4714-989f-7da34b51d0db,Jeremy Blankenship,sharon59@example.net,9791301992,HR
90447d36-359a-4200-8957-818e9d1ce44f,Ariel Adams,autumn38@example.net,4719834493,Software
1763fcb8-a071-4d55-a8c5-9019f1d30c44,Cindy Hubbard,osmith@example.com,832088478,Software
aed9cd19-1f3f-4690-8e9e-94c234900189,Dominique Rivera,odillon@example.org,7395224524,Management
18cd1775-4555-4725-ae35-71226e1d6d82,Sarah Ross,bgray@example.net,9702120573,HR
46714958-b2db-4cbf-87ce-d7a5da100b81,Linda Brown,harrisdaniel@example.net,4193697916,Software
b985121c-c1a5-4280-8aad-61875b1dc055,David Wilcox,figueroawanda@example.org,5420142401,Marketing
27dabfe1-6f47-44bb-8204-af7da7ac1fa9,Michelle Martin,toconnell@example.com,2012072811,Management
29f90037-f0bf-463e-8d37-f6c22a528862,John Weeks,matthew27@example.org,59209750,Management
988ab8aa-2e60-4d70-84a8-efdc62dc56e5,Larry Koch,stephen52@example.org,8918157913,Marketing
5540c75a-2e50-4ca8-87bb-ca7a0a8fd4cb,Elizabeth Jarvis,henry28@example.org,7971309069,Management
e60091b4-af71-43e4-ad51-f3babfc36e80,Lisa Gates,millerfrank@example.com,7574722860,HR
9c22d900-b2ea-4202-961b-359c198dd073,Mark Atkinson,dchristian@example.net,5802662287,Management
d966a477-fbac-4162-98ed-8069fcb85a63,Patrick Jacobs,dgaines@example.com,2615464365,Software
82cf6016-cfc3-43a6-90f1-712aca61d238,Lisa Diaz,tpayne@example.com,9720162929,Marketing
b43d6ea1-847c-4dc5-851c-2dd0e9029b29,Susan Bailey,adavis@example.net,5357196323,Marketing
8fd52bf0-ad60-4ce5-b56c-31153fcfbdd0,Amy Davis,jilljohnson@example.org,5902334166,HR
ca3c98ce-ca0b-4d76-b9db-fff12db04d11,Benjamin Morrow,maryvega@example.net,2524656135,Marketing
a75ffc36-6c61-41bd-b8a9-9371fd438da1,Danielle Morris,cheryl39@example.net,1606142513,Management
73d75f67-c690-423b-bbdf-94e97ae315c6,Sean Alvarado,bobby59@example.org,9862785881,HR
352eb38c-9a6e-4908-ac58-7c780f6165c7,Deanna Gomez,grimesdonald@example.com,989243559,Marketing
99cbc9a6-6088-4ea4-aaac-71ada4a5389e,Eric Armstrong,sanderstheresa@example.com,5268421031,Management
9007d985-20f4-4860-94f2-a3f0aef77247,Jeffrey Stephens,stewartlynn@example.org,4928631383,HR
6703c37f-e29b-4741-8372-47e4f7a1b4b1,Eddie Cummings,spencerjames@example.com,1827439605,Management
20a85c60-8b3b-4dd1-a59f-6d0a2471ddd1,Samantha Dawson,nguyenlindsey@example.org,5436196931,Software
e3ac7c5b-ca20-4ce7-8a31-dfab6583c269,Gail Burnett,nnewman@example.com,888577179,HR
b6681f2c-1525-448e-a086-d810c7ae31a0,Jennifer Glenn MD,brownlauren@example.com,9347956893,Marketing
607a9a8c-47b4-4caa-85f5-4589c638abd6,Justin Foster,nicholas36@example.org,7394050329,Management
3f986603-f7e9-4a85-a74b-3a45f3ed0f3c,Stephanie Savage,kwilliams@example.net,9429555038,HR
38cae069-b8d3-4ab9-9654-7cf51a8bc2a3,Christopher Jackson,jamesmelissa@example.org,3350093622,Management
d697eb8a-fa4b-4e20-a1a9-90e6ff487053,Mary Rodriguez,joseph28@example.com,2675463100,Management
8bf0fc1e-7aa3-4f25-944f-9d7da3105658,Brian Coleman,khernandez@example.org,5731316329,Management
b427d9e2-ba51-434d-b500-ae0570c16d31,Christina Perez,kaneshannon@example.org,8731787373,Marketing
f6947f14-8e1c-429a-a100-30a2827b7253,Ian Roberts,tonyhumphrey@example.com,3248703571,Software
5b7183c8-18e9-4461-a039-969b19f46977,David Brown,callahanstephanie@example.org,4421706041,Software
8a864056-c4c1-40fb-9e88-cc63179cef35,Margaret Lewis,cjones@example.net,1214142687,HR
591f459a-fb5b-4c4e-8b22-e0000471a065,Michelle Campbell,msmith@example.org,9922636808,Marketing
861f5944-1ae8-4617-aec0-6f1050110a81,Laura Mejia,ballcaitlin@example.net,5800150172,Management
307b8584-9a6f-4790-819b-843ca63c0f40,Gina Roberts,ogutierrez@example.net,6694774984,HR
128ff9cb-98b7-4200-8775-82c01cf5862b,David Obrien,michael56@example.net,5715036415,Marketing
10dece9f-9920-40e0-b2a7-59f79b844e78,Joseph Underwood,jessica20@example.com,6373999164,HR
fc840cf2-61c8-4258-87b1-919373d5868a,Thomas Bates,jennajones@example.org,5227657442,Management
74b38999-8eb6-4394-b0bd-aa63d6bcfe56,Brett Tran,christopherreyes@example.org,4271469180,Management
2dba258d-a69e-4b89-9b92-977e0b9cc0b1,Cynthia Horton,xatkins@example.com,2881148733,Software
13d60618-0996-406f-bccb-c82395330aed,Mary Evans,jamiejohnson@example.org,3010953723,Management
f0500d35-3935-4c31-8382-aabf7aa3ff5c,Anthony Martin,marygardner@example.org,6975783709,HR
0e05d2ac-f70d-4b30-919e-6016daa47db2,Catherine Johnson,landrade@example.com,3226363260,Marketing
c12138b3-598b-410a-b340-111ef8184a04,Robert Johns,ashley26@example.org,625564304,Marketing
56672f45-7b5a-4327-a725-15d20900fdf5,Danielle Young,johnsonedward@example.net,3766977556,HR
96583109-a3da-47f0-aaaa-f303bd90bfc2,Randy Smith,brianlopez@example.com,9783977626,Software
e888d0f0-444a-4d8c-a2e7-9cabe9536a47,Jennifer Moore MD,hansonkathleen@example.com,2383609118,HR
480e208a-1210-4010-967e-a650dc32eeb8,Scott Jones,nyoder@example.org,8282734509,HR
efd07b8d-8a06-4141-95fa-a8e8c35a9ba2,Andrea Woods,simmonskerri@example.com,5071391525,Management
f28386e1-5e8b-4b3e-8abc-28f31285c0b1,Nicholas Day,fisherjason@example.com,8220980486,Marketing
6c62552e-b311-4423-97ff-5210b4a63777,Seth Gray,leslie20@example.com,2350222621,Software
0be074a2-ea2f-4ca3-aaf4-4796f05db245,Steven Smith,roy15@example.com,9048307464,Management
b55297a3-2b25-4ac9-b77c-4c287b6924d7,Nicholas Smith,carrilloanthony@example.org,828268591,Marketing
a48cd215-d0aa-4df4-9edc-ca4079a2a9fc,Amy Acosta,robert17@example.net,8733682281,Software
56d91e98-a479-4ac7-9ed2-f5605edb1b32,Ashley Shea,brauncindy@example.net,8961928867,Software
07d35c68-5d8a-4a29-849e-f0cf2b5b7dc3,Jeremy Parsons,mooreamber@example.net,4438090400,Marketing
737b4f68-357e-499d-86e6-5a261576f364,Jimmy Dominguez,treyes@example.org,7231597170,Management
57629320-4cbf-49b9-bc19-5d8458324a3b,Robert Watkins,langbrenda@example.com,8518063428,Software
a4de6c52-2c0e-44cd-80f9-3e470bd930f2,Jennifer Carter,anthony40@example.net,1948352860,Management
cc547e24-dac2-4e2c-bc5e-ae4854a4650d,Stephen Smith,jgibbs@example.com,8352908192,Software
1fcdd429-5e2d-4e3d-9747-4640c34baec8,Dustin Singh,ocoffey@example.net,1602201900,Software
cfce1a2b-1115-42c5-9d86-3b9d4f5399dd,John Gonzales,donna41@example.net,2310520427,Marketing
09309e06-5583-4d21-98d4-dfe67bdc0d72,Alexandria Sandoval,edward32@example.com,5019227097,Software
ed694d5b-ecb0-4300-9dda-1af0748fbd91,Deborah Ewing,nowens@example.org,932504270,Management
02abcb2e-059b-40d2-a4a4-d34a4c6d97dd,Barry Mcbride,john66@example.net,6435011214,HR
9d70205c-1067-45a2-8877-446648391093,James Lopez,johnhernandez@example.net,8694155499,Software
d414f756-697c-4773-a703-e0d9da296739,Antonio Lane,sperry@example.net,4703455489,Software
cc7e3eff-c811-4aa7-9b70-f0d86ebd8ef2,Stephanie Porter MD,jlong@example.net,4025462475,Software
0197f888-578f-48a7-8df7-e3315e9150be,Anne Neal,michael09@example.org,4250926212,Software
8d2c2916-8380-4a29-bf3b-dc0c53ef5f2c,Patty Thomas,hoodlisa@example.org,184776872,Software
a3e6d2ad-8b8a-437e-ad9d-6bed2645da62,Tammy Foster,xcarter@example.com,7568083699,HR
0120e0cc-795a-4174-997d-cd803a95ef52,Autumn Sanchez,iprice@example.net,2917680516,Marketing
f31acbc8-371c-4b5c-81e2-1a95b0b838a6,Kimberly Beck,andrew30@example.com,2659322367,Marketing
93dcb252-9ae2-4306-8401-e10c70309148,Brenda Blackwell,joseph30@example.org,4803593920,Marketing
9db3f2e6-6b55-4798-b9bc-d734c0909d4d,Wendy Daniels,freemansamantha@example.com,1947103008,HR
da8a0408-34c7-4390-aa4f-425a74fa5189,Charles Brewer,kperez@example.com,7347152496,HR
f20669df-cc57-41f7-96ee-a1832928c25b,Vickie Lozano,natasha43@example.org,7152618276,Software
7cafb838-10a4-411b-8820-b9a2d3e6839c,Paula Sawyer,unavarro@example.org,3173417974,Marketing
36405248-93ca-454c-85d3-08c517574d26,Dawn Reid,christopherhubbard@example.net,5305073104,Management
35323363-27b1-4153-b4e7-3167be102079,Jeffrey Lopez,nicholasdavis@example.net,1039039325,HR
3262232f-fbe7-42f4-a782-b785745de3d2,Joshua Mckenzie,emily97@example.com,8094955169,Management
a75f906e-905e-465f-b681-2de8ba7ba815,Anthony Smith,longkelly@example.net,2023519450,Marketing
6404b923-b333-4ee2-aed1-f7e18cde7dac,Henry Vasquez,makayla62@example.net,3470564641,HR
51feda85-500d-4baa-951e-8a8e67d68155,Claire Chavez,melendezstephanie@example.net,3114927906,Software
75a72386-54fa-490d-81c8-64803993fe85,Joseph Fleming,arnoldsusan@example.org,9510852528,Management
3f76fb83-8f2a-4359-ae2f-03c80fb4c762,Leslie Dillon,estradasarah@example.org,6843086545,HR
874a0181-c4d6-46f4-a27e-ad30ffb745cf,Jennifer Massey,samantha94@example.net,7206559840,Software
71d0491d-b2f6-4445-b000-a857aa63c415,Peter White,cynthia55@example.net,7752642493,Software
7898588e-244d-45d3-ac61-c759f450c8fa,Heather Gibson,nchase@example.com,3958170158,Software
62cba6cd-98cc-411a-95ed-99b46dacd747,Mr. Andrew Hansen,jharrison@example.org,1574889951,HR
75489afc-7971-4fbb-b4c9-77524b22ad7f,Kimberly Brown,eric98@example.net,305858691,Software
73253987-53d3-44bc-8ef7-571daf6206d3,Rhonda Ferguson,markcarter@example.net,94342922,Management
846862ee-47a6-48cf-81d1-7936ab49203c,Daniel Allen,swilkinson@example.org,5815787251,Management
07ca6752-f5e0-414c-897b-ec8183b62b20,Mitchell Snyder,pcarlson@example.com,4558603223,HR
2f2a3958-2e98-4b74-9b13-92f2328af4e2,Jack Owens,waltersamy@example.net,6167648518,Management
ea9fac28-6d7b-4281-a336-72d48eecc574,Jean Fowler,dgonzalez@example.org,5102605616,HR
90f9e54a-c152-4bf9-b31a-aa242a6ff9eb,Linda Nelson,ugriffin@example.net,5415915904,Marketing
443ced16-068d-4aa7-b092-aa762e1bfc6c,Michael Mendez,floresrichard@example.com,2907404837,Software
573eb082-5b02-45c3-b940-110755396223,Daniel Parker,zbates@example.net,2767977643,Management
95325747-5174-42be-90f7-e3e3b28d026b,Kristy Davis,bbenson@example.com,8612359198,Management
58374530-3fc3-48b4-9a03-66c28f3a0ffb,Sean Harrison,patriciatucker@example.net,4787476988,Management
11bf6597-1232-483c-97bd-c11a1adb76f2,Scott Ford,stevenshelen@example.com,4407219197,Management
cad298c4-aa57-47aa-aa07-4b3f85ae7813,Claire Foster DVM,vanessasparks@example.net,4408773419,Marketing
1f225e6e-e005-4856-80d6-56b91a15c5ff,George Shaffer,jessica97@example.org,2911857043,HR
73aaf4e4-767f-4767-a671-61dcee6dc6ec,Shelby Mejia,lindsay02@example.net,3169237688,Marketing
efcfe010-b721-4bc8-9b38-08d320e1bf78,Brenda Fisher,curryhaley@example.com,9339532256,Software
f3c1cb5a-2934-4e0d-85ec-f18315515568,Adam Frazier,evanssusan@example.net,1600244334,HR
ce78e867-5cf6-4b4b-8ae8-fbf6438f502c,Mr. Paul Randolph,johnsnicholas@example.com,2362310892,Software
d9be8aa6-ff55-4edb-a3b6-5b62ff1c5f72,Benjamin Johnson,carriecarlson@example.com,3952484677,Management
b8197fcd-8307-4c46-bf40-cb63d61da43f,Tony Graves,gsmith@example.org,2727114641,HR
0d48debf-5d88-4d2b-90dc-8616304cd00a,Andrea Terrell,johnsonangela@example.net,6273756057,Management
30f89e62-ccb3-432d-8bf9-388c89fdb206,Ashley Ruiz,lmiller@example.org,7072304569,Software
d57b47cf-a3c1-4415-b40a-f813b47afb9d,Anthony Wilkerson,pdouglas@example.net,4141957119,HR
28eb0d0e-66c4-45c5-b069-871db14f4c0d,Dominique Phillips,shepardmatthew@example.net,6761433014,Marketing
4f2fbec4-e1b9-40d8-9bc0-83576cb0b7bd,Hayley Conner,amanda58@example.org,2139745584,Management
7fc7d5fe-02dd-4ea9-88c6-504481ebfc2e,Russell Adams,kingjeffrey@example.com,7828297061,HR
f046112c-fb63-4949-a22d-efb5fdc3cf27,Michelle Long,ericvazquez@example.com,8043841606,Software
2fb7ef3b-9dee-43d4-a8cb-15a75d0152ed,Heather Garrett,nicholas14@example.net,6162128004,Management
8f611755-fa0c-4296-9a13-cbf3aab31d7c,Timothy Mason,emma73@example.com,9789730752,Software
ada750e4-45f1-454d-ae4e-edd958eaa10b,Willie Beck,jesse65@example.com,2582915396,Software
980e8268-e099-43a0-9248-33d991f79811,Autumn Campbell,qsaunders@example.net,7686630085,Marketing
de8b643b-c901-4f66-9be5-69a984ef7cce,Gary Miller,martinezkathy@example.com,8447593012,Software
7e706e0a-f084-4794-8e1b-e290d44cdbdb,Amber Lloyd,juliamaynard@example.net,2231044492,Marketing
1eeb4ff5-13ba-43fb-bca2-af54f26ad1a9,Justin Walsh,jason83@example.org,360515651,Software
cb2e86d2-ee90-483f-9d94-9082dc728463,Rachel Williams,rholloway@example.org,5526392256,Software
f72f45a2-7ea6-469a-8bb3-5e2c5659e95b,Stephanie Bush,kennethyoung@example.org,6228618728,Marketing
d35c6d30-7c92-4e22-99f4-7dd3ed557f33,Terrence Acosta,wilsonpamela@example.org,7857471780,Software
f3885faa-c8ea-404e-b66c-0084dcd33680,Andrew Smith,susanjones@example.org,2511541358,HR
40a5f219-dc59-4ee6-9a60-14a85b9f5853,Mr. Nicholas Boyd,vhughes@example.com,3102211765,HR
47f5a9e5-db6b-4f89-85ac-395a5a630b8d,Erik Diaz,dpineda@example.org,7912261421,HR
85bd944a-b964-41fb-a4a8-0f1a9715557d,Mr. Tyler Martin,christinemcfarland@example.com,4864465651,Software
3dcd68e2-b167-4463-89fd-c6c7e3595e3e,Laurie King,ryan93@example.org,6903585071,Marketing
cbd5c420-c7d6-4c3e-8d76-909a28e91315,Thomas Francis,stephanie55@example.net,3808223785,Software
97d20eff-4b0c-4ed1-851b-d53bf19b5151,Jennifer Chase,nicolesmith@example.org,715111303,Software
0aeff7ab-c824-4de7-85a3-c4f9d006c01c,Pamela Moses,mariah46@example.net,7633867886,Software
f80769a8-eb50-4d34-9444-0754103f4ad3,Ashley Daniels,scott43@example.net,2394810091,Management
2b972587-da0c-4317-b01a-19eb8d24bbce,Vincent Washington,haroldlittle@example.com,4760498881,HR
3deb16b1-b76c-4a20-aca7-4fd8ada6bad6,Michelle Johnson,nrose@example.net,7555514591,Software
6ac4c461-beb5-4f58-8c46-de555d53217c,Theodore Allison,equinn@example.org,1316355216,Marketing
9a7a26d4-3249-4505-b9c6-a40b55bf4747,Tamara Reyes,michael35@example.org,2079128359,Software
02a66f16-49f0-40d5-b802-af8fe46260b6,Michelle Odom,jerome08@example.net,4161264484,Software
246c890c-a66b-4fe3-9f31-ab484932aec8,Tammy Conner,ortegajessica@example.com,5520072426,Management
5621b828-d67c-4b70-86df-95e93610ba4f,Devon Leblanc,mark78@example.org,4471097105,Management
92f5fba6-466c-4a80-99f8-7a896dbeada8,Victor Robbins,trevor70@example.net,1882145607,HR
227e70be-e58c-41f7-b2d0-398267104ead,Kaitlyn Blackburn,julie42@example.net,443525359,HR
dcddde2e-ff2e-44d6-a399-fe2573bcdb2d,Brenda Chase,jeffreyhuff@example.com,6619755342,Software
e579e964-20ea-4828-94bb-fc36edf1ef83,Christopher Martin,hernandezkayla@example.net,8183135753,Software
71e3134b-77e3-4cd9-ac52-e6051995f9bc,Victor Nguyen,daniel87@example.com,9905838088,HR
cad546fd-63ac-46c0-919a-506f96956326,Julie Jones,ncompton@example.org,1382681955,HR
b867c8ab-5ccf-4172-a562-90a98d9d9155,John Weaver,lmoore@example.com,9761775291,Marketing
a8d14354-d90a-406a-a326-62e0487f68d7,Angel Carroll,matthewserik@example.com,3428816303,Marketing
517f80f5-6928-4992-ab94-870c1159575a,Robert Little,christopherrusso@example.org,4403994490,Software
104349f8-5a53-43fc-90b2-ea1882ce945c,Timothy Santiago,jgreen@example.org,5926615193,Management
94c3a997-284c-4aea-b291-7145b55d402a,Michael Bradley,navarrojoel@example.net,163313080,Software
34a57bd6-71da-40a4-80ac-0107b6deeac8,Eric Phillips,joshua06@example.com,4518046303,HR
72f3997b-cf6a-4ca8-b9be-2a4c72716bc3,Thomas Grimes,timothywright@example.net,6212106633,Management
716bf028-2469-420e-bcf2-072d0093a146,Tiffany Roman,james90@example.com,7246804312,Software
6b7044c0-6db0-4516-a057-d81c9ca4dbb1,Darius Davis,patriciawebster@example.com,678037818,Software
93df6bbc-8a82-4309-a6d2-606916abdd16,Robert Harrison,justindavis@example.com,1284517524,Management
de882537-b191-4db1-88b4-47f619604d67,Dr. Michael Shah,stefanie45@example.org,2932981657,Marketing
56139764-f00b-4a8e-8333-e611e3c327b1,Justin Manning,paynekristine@example.org,8522248734,HR
b00735f8-5b4b-49c4-b23c-5b79dc279248,Lynn Flores,dwolf@example.com,9279958389,Software
19999e3b-fc23-480b-b401-299dcaf357ca,Melissa Salinas,omoss@example.com,7352519017,Software
983f7237-a179-4852-a07c-16b9a926afb4,Jordan Morales,devin82@example.org,5690747250,Marketing
0d4c2f68-b664-49b7-9c9a-6fdd72586744,William Martin,jason68@example.net,4348771765,Management
136de704-b708-4ef1-a02b-83b2c3f25671,Peter Jackson,ronaldcampbell@example.net,6112589353,Management
3ed19c0a-dd6f-40e1-902f-1e34208e07b3,Andrea Ford,qlopez@example.net,1267959052,Management
492b3160-cc03-4925-b7c2-6149857bab6b,Monica Hayes,nfisher@example.net,2607035262,HR
e398c447-e02a-4709-8e5a-550b98cf5eec,Jason Frederick,matthew89@example.com,8631739191,HR
9db1dc08-ad97-4263-9a7f-3b2ad63e4766,Ricky Vasquez,scottchoi@example.org,6376654080,HR
1ecae7af-769f-4eba-b6c4-22c12f0572f9,Aaron Butler,sarariddle@example.net,1089399101,Software
e2f49476-75fb-442f-a011-939b0dd76cfd,Kathy Russo PhD,robertdavis@example.net,6108609669,HR
3a1c3f96-a5b9-4bfc-8b35-438173364a06,Kayla Novak,qsmith@example.org,4820320817,Management
cb012312-6012-4624-8d28-62300bf57e00,Jeanette Henry,gregory42@example.org,3731449923,Management
236bd60a-95d4-4619-bb16-e7448834fce6,Richard Jimenez,hayesshannon@example.net,4902911660,Software
e871540a-a817-4927-bdfc-163d295f0e4a,Joseph Nelson,powellwesley@example.org,2611742314,Software
82f2251b-60c3-4ca5-bcd9-42a720cc8dc6,Timothy Miller,xboyd@example.com,9358850230,Marketing
2ac57377-20a5-46d2-93a2-16637c0325b4,Kenneth Baldwin IV,jessicamckinney@example.net,9171347654,Management
2f0a7a01-e739-4a58-92bb-34849027e22b,Alfred Turner,andrewsamber@example.org,1995501978,Marketing
de0048f1-ff8f-4d5f-a220-6b0cb8685db4,Dale Rhodes,gruiz@example.com,6471349273,Management
ff1c1843-459e-4a3a-8697-b6b559cd5916,Benjamin Reed,qdavis@example.net,6672195634,HR
9a054459-699c-4e43-bee3-3ae02139ff6e,Rebecca Spencer,ahoffman@example.org,9471733186,Management
d2b9bf3c-a7d0-4e6f-8d44-b3ce504597cd,Raymond Wright,vkelly@example.com,2776477097,Software
fd08e26a-8c27-40fb-920f-fea1de8a2c3b,Katherine Anderson,ronald43@example.org,9099397559,HR
40eb9229-b3ec-4975-b038-68a05fe0e15c,Spencer Lowe,dianeclark@example.org,5888127535,HR
4bf1eb34-696d-416c-a3ca-351f47bc6b5d,Steven Wright,tracyvaldez@example.org,3914405924,Management
2310fbbf-132a-48ea-9518-a9cb949e263b,James Stewart,krush@example.org,5091969548,Management
00231bf6-2fba-49a8-8c57-73f1da0dc670,Phillip Gillespie,smithjoseph@example.com,819596616,Marketing
cd3511d1-94ac-41e4-80b9-5a83b8d1a122,Tamara Aguilar,bbranch@example.net,2466624618,Software
28931c98-e315-4d1e-8a55-1347db8fe004,Gail Fernandez,sheppardjustin@example.com,1015228839,Management
c626df47-fc18-4edb-bc02-f9123bdd977d,Corey Smith,vjohnson@example.net,6825037142,Software
513f1e1f-281a-443f-b45a-a7ec329a9da7,Brandon Parsons,griffinnatasha@example.org,2632525480,Marketing
16863c8b-c9e5-489a-ac60-27aa33fa4c19,Dennis Holland,jfrost@example.org,8413894708,HR
bb7dfeef-52ac-42ee-ab5e-a8e89afab10e,Robert Moreno,denisemiller@example.net,5244994456,HR
f62d9411-8857-41de-ab29-8ac6ca73ae41,Chad Gonzales,egibson@example.org,5454953590,HR
b693e4d3-92ba-4244-bffe-6108e0a0d661,Joseph Richmond,kristina71@example.com,9705099422,Management
89672fc7-9bf7-43c3-a42a-aabb3377d697,Lisa White,denise16@example.net,3810073,Management
76112e26-7f15-4dc0-827a-c8a112041f36,Jessica Henry,gjackson@example.org,2926500820,HR
4751a7f3-9574-4275-bb13-a11070e41fe9,Paul Harris,millervalerie@example.org,4209994960,Marketing
5b0ab7ed-2820-40c9-965d-0de72aa887d1,Sharon Shields,floresricky@example.org,8550556119,Management
28227657-8f55-47ee-a52d-d6ac3cd875fe,Brittany Lee,jamesjohnson@example.com,8492050177,Management
e28820e8-5a92-4717-8d85-5b363d0e5c45,Amanda Shaw,joshua44@example.org,4163340276,Marketing
5aa9a0c4-e5f0-4cb4-96cb-e3d44372a2e1,Denise Roberts,tstewart@example.net,4897236404,Software
0cdb2e7e-c772-4494-a0be-e29807e383e0,Raymond Hanson,castillotrevor@example.org,9571745004,HR
f9af30f5-e467-4aab-bd96-418d5b8a4a3d,Lori Williams,dwade@example.net,4115793002,Marketing
bbf6c6bb-8884-4b8a-9afd-05168a29b6b4,Mariah Ortega,mooreryan@example.org,613561870,Marketing
ff95d543-bb22-4d9a-867f-97906b935906,Megan Joseph,wardangela@example.org,7955655249,Marketing
1a724c58-5822-4bf6-84d6-245def5e8b35,Dr. Suzanne Smith,austinchristina@example.com,9841061902,Marketing
71ec064b-08ef-4a7f-824a-00fa338a6ad0,Regina Kelly,ahughes@example.com,9308600057,HR
519193a0-7d21-434c-9bd7-06b56cdb78bf,James Cox,cassandrawright@example.net,8547386794,Marketing
dcfdf20d-ebb0-4e4b-934b-19951a253923,Charles Reynolds,fgutierrez@example.org,2262026544,HR
a60504da-f4e8-4f83-af24-e42179d572e8,Michael Harvey,christopher26@example.net,3098969502,HR
eb310e2b-ff8a-4094-9733-f4f09c604b12,William Torres,johnmccarthy@example.org,9728235622,Marketing
42ceb1a0-2e47-4c76-a464-339e3064beee,Kenneth Taylor,melvin49@example.net,6087637299,HR
bde2b59f-43eb-46c7-915e-7deb65072396,Caitlyn Tran,williamgibson@example.net,3984469017,HR
128e4907-4b1d-4636-a82b-8270b16cec8a,Dean Campbell,alexander43@example.org,7290222280,Marketing
cf3d37f1-5fa0-47dc-8a6a-50f7e4a32db6,Joel Reyes,austinmeyers@example.org,4921981640,HR
2d0deb5e-cfd4-4180-b0b3-d2957b5bec6d,Adam Wiggins,jeremy88@example.org,5166927007,Software
e170f97a-0dee-46fb-a6bc-3f3a9fb35477,Stephen Ferguson,lesliedyer@example.org,574541255,HR
868319b2-391a-4b94-8836-4cc63ae9627b,Carrie Fleming,johnsonnathaniel@example.org,4773380760,Software
d7d5b7b3-c4aa-4b12-a257-38e9e15fd89e,Krista Howard,michaelharris@example.net,737092354,Marketing
9bf05f01-4033-435f-8449-4fe1fb2a7024,Julie Howell,thomasporter@example.net,6478584984,HR
c6d0fc56-5298-42c3-ae72-876ae3fdbd4f,Gabriel Soto,stephen61@example.net,5598303871,Marketing
58421ccf-156a-4053-a192-19879dbaafd3,Tracy Sandoval,allenjessica@example.org,3100786574,HR
f95d86d7-2b2e-4340-8972-e1683828cf01,Ryan Holland,heather67@example.net,5306900007,HR
9b63ff47-bffa-4dfe-917d-6338670c7162,Samuel Perez,sonya53@example.com,3986627702,Software
df33401b-3bf6-4227-9957-0f4c23cd3f9e,Kelly Lang,terriobrien@example.org,8030358974,Software
ca02acd8-ec98-4759-b05b-ae0d8ddc77b8,Tiffany Cherry,wanda95@example.com,1685880107,Management
8d8ca924-8b34-4c24-9303-2ad6dad1aeec,Richard Wu,joelrobles@example.com,3504585527,Management
180e420d-92f3-4bb8-bf31-762677fb7052,Martin Armstrong,corybarry@example.net,9308631468,HR
f3f07b53-5c7c-4f91-957e-9a1b3ca8b907,Dan Castillo,zbeasley@example.net,9635857553,Marketing
167f5819-2e96-4151-8e21-c948453d2917,Nicholas Edwards,brownhoward@example.org,1601254371,Management
b0c7ddc8-6084-4eef-9383-3015ef3af121,Felicia Vincent,tgray@example.net,4868246829,Management
884bfe1f-81ec-46d7-9d8f-b7b096ab7127,Emily Fitzgerald,william23@example.org,8765103301,Management
568f36a3-ac0b-4604-8f59-5651cc0f2fba,April Ramirez,isaacaguirre@example.net,3635997170,Marketing
b093e692-9540-43e0-95a7-d29fa9690b57,Andrew Perry,umurray@example.net,2676793407,Management
878c318e-caa7-46ed-9ff0-291e911eafac,Stephanie Clark,kmartin@example.net,7352301266,Software
4ccb19d0-9697-454c-a6ae-100e8e6f97eb,Rick Vang,adamstyler@example.net,1218614391,Management
3c38ae1d-ce2d-4715-b110-33c557f1ee6d,Cody Stout,hollandhannah@example.com,6567689521,Management
78e079b5-e87c-48f0-9960-b6d9ceaba190,Michael Walker,ashley05@example.com,2871348720,Marketing
6e2b9b3a-1da5-4c7c-8cc4-43e752e05ca6,Brent Andrade,elizabethgates@example.net,1795349738,Marketing
aeff7634-92d2-4905-a509-0360b8281049,Tiffany Sanders,phillipsmary@example.net,2419661422,Management
ff17775a-c974-42f0-a335-d6a668060d6c,Jonathan Garcia,tonymayo@example.com,4934961387,HR
c9e77ecf-1d3f-4bb9-936f-060c673472c9,Jennifer Stevens,kingjennifer@example.org,1765600146,Software
6cf170a6-cdda-4c47-8b1c-b7c99f1ff177,Daniel Smith,amandapeterson@example.org,8370239370,Marketing
b9d14537-b8a8-44b0-9ad2-1c29e9372fb2,Michael Kaiser,lopeztodd@example.org,9059058686,Marketing
56fdeb94-d5f6-4d8a-83fd-499284769b42,John Estes,heidi75@example.net,8825953584,Marketing
9931a6be-17a8-48a6-8f36-13f876dc3695,Rachel Stanley,bobby80@example.org,120175237,Software
62049ad8-47d3-4b1e-8683-16a58e4c73c8,Kathryn Graves,campbellkenneth@example.net,3934075972,Marketing
946f1805-2e69-4465-97c0-386fcc2c90db,Sara Le,schwartzapril@example.net,8926948352,HR
6ee4f95e-6016-4ada-b69b-994a28dde33f,William Hays,roselindsay@example.net,3106338800,Marketing
de55e2a7-d51c-48b7-be58-bb8bad63be4d,Daniel Fuller,dmorris@example.net,2612627392,HR
748dbd5b-4911-448d-aef5-b6a557cd4373,Debra Edwards,donaldsonbrianna@example.com,8839971103,Management
5def4416-8306-4230-80b8-297241e79ac2,Tiffany Wade,james49@example.net,799842991,HR
340029aa-3e81-437c-b254-fe0f77cabe98,Barbara Brewer,jennifermiller@example.com,6759804246,HR
c1f059ba-69b8-4d55-abea-85ca4d52a5a7,Chelsea Medina,vscott@example.net,1897081919,HR
a6a7b64b-7b55-4a42-8aab-a57ff9b711e8,Timothy Davis,markthompson@example.com,9686077963,HR
dc7f4eb1-5707-4880-9847-b811c952fc76,Brian Roach,smithjennifer@example.com,9082699643,Software
c1c2a5e9-85d6-4f0c-82e6-b8fb0b302693,Edward Jimenez,thompsonjanet@example.net,9201792959,Software
bd0ca613-932f-43d5-9b3a-e446568bfd00,Katie Grant,yoderkenneth@example.com,4385080376,Software
a6e6f665-9dda-40ac-87f8-c50a7db3778c,Michael Graham,christophermaxwell@example.com,4101354386,HR
1184a298-1e43-4cbf-81b1-c50268e83a7e,George Kelly,fryjoseph@example.org,4152740583,Management
80f3f938-07fd-4bef-b769-d0943bb8bbf8,Mary Garcia,bsmith@example.org,766306857,Management
a43dbb06-1fb8-46da-a612-a4513e83c2ad,Melissa Preston,sara63@example.org,1553841989,Management
ef95c3d6-195d-426c-9104-a7a4f0c32652,Joseph Saunders,seansmith@example.org,6260242896,HR
5c551609-2cdd-48f4-be0c-0a30c2bc9a3a,Angela Mcdonald,terrelljudy@example.net,67329698,Management
9996b1da-d844-4e81-b8dc-69992766169f,Ray Johnson,jonesmichelle@example.net,6177789492,Management
060787a8-afe7-4399-a667-a055d24a74f4,Erin Schwartz,amcknight@example.org,2773705496,Management
17193f21-5436-4b0c-9999-7789f2e50b5f,Sonia Garcia,patrickhill@example.com,9692100434,Marketing
6abed786-cf01-4ed5-ab5e-452f92f37238,Kimberly Richardson,simpsoncrystal@example.net,8418708904,HR
96684f53-bf97-4ddc-8fb2-a8935e1f50d5,Benjamin Ross,debra61@example.net,4336717813,Management
a14fae31-985f-446c-ae5b-928288ce485d,Carolyn Thomas,hgarcia@example.net,1815150307,Software
2336ef53-652f-416d-9127-3ca0672495a4,James Leonard,gonzalezalexander@example.org,9673615999,Software
ffa1a8c2-9615-471e-8eb4-d990bc9660cd,Christine Martin,xashley@example.net,8755613114,HR
0896adc8-b55c-4f4c-8a35-dd943bc486a6,Amy Bowers,ijones@example.com,6467093244,HR
dc7e680a-accc-4dbc-aad7-da9488b93ee7,Vanessa Soto,efernandez@example.com,9092884187,HR
2a46d450-43b7-49b9-9163-b8c788a2bf40,Jason Cox,jenniferdavila@example.net,676634517,Software
db07d430-3703-435c-b9dd-75f6916877a7,Amy Harris,zwhite@example.net,4514575353,Software
1fbe05f0-25e5-4762-8b98-d89c2f4c6bae,Lauren Deleon,evanswilliam@example.com,2316172878,Marketing
1544d6f0-8eb0-4e16-a1b1-ae10f42da318,Tyler Hernandez,murraymark@example.org,5261910941,Marketing
558fc200-59db-4230-b0f2-5bbb51218806,Albert Murphy,foxdouglas@example.net,4756059750,HR
08fbd627-bbed-48e8-b451-2cc8186bb6e9,Brenda Blair,oscar13@example.org,5540335790,Software
9f75a203-7caf-4173-985d-13796ce0861e,April Wiggins,knorton@example.net,433312228,Software
e17e2557-f6cf-4ff7-bb2c-2ce4de6319f0,Patrick Arias,davidmcdaniel@example.org,7368124885,Marketing
487b893d-650e-43f8-944c-1f76bc71017a,Amy Kelly,cunninghamkimberly@example.org,3795448452,Management
72e6a7de-bc71-420f-a578-f499f7c72697,Sara Torres,oliviasanchez@example.org,4178137057,Marketing
f01b7341-fa85-4e14-b941-66e61f1eac40,Justin Hill,tfarrell@example.org,2312442959,Management
1a1505dc-1412-48bc-927f-5ba85226fc9a,Timothy Ponce,stephanie95@example.org,6644374966,Software
f47996a4-cf0c-413e-a4ea-80a745d41bd6,Richard Maldonado,chelsea27@example.net,2655240281,Marketing
07db4906-d4d8-47b3-8b2d-ae3f80ef9177,Stephen Gordon,lucaschan@example.com,8330793234,Software
a95c6e6b-99a5-4b40-8064-f8626f02b4e0,Mathew Landry,davidharris@example.net,6946159903,Management
1b4ad605-4b94-4f4f-86a2-f6fd087c4617,Angela Reyes,nathaniel10@example.com,4988645265,Management
23d2563e-1fcd-4304-b061-acdfb778df87,Stephanie Collins,sean56@example.org,7108271178,Management
bde4d2e3-e89a-4f38-9915-87ab91df0cd7,Elizabeth Davis,cgibbs@example.com,7410945227,Marketing
158eb7dd-d972-4b92-8f2d-ed09a164a274,John Stokes DVM,randy27@example.net,1369973895,HR
94b9cda0-99f5-41a9-a59c-6b76d9894902,Kristin Lynch,michelegarrison@example.org,9309221560,HR
d5765d75-712f-4125-a06a-1a99ee525e76,Anna Campbell,matthew90@example.com,727821175,Marketing
1394b0e2-2ac6-452d-969e-4361727dd19c,David Jordan,uhogan@example.net,8318577953,Marketing
d3a381d1-a231-443f-b6b9-aa626c32349f,Gary Ellis,patelpeter@example.com,527113835,Software
82844d44-dadd-49b9-82fa-9a64a9b44bd1,Kara Harris,deanrobert@example.net,9003676170,Software
e9259143-9b7c-4c10-b7b3-baec7b89ee21,John Parker,robert73@example.net,1816648868,Management
d21ae911-fbd0-4d0b-aa5e-55ef5dbfd2a2,Luis Burnett,bennettdonald@example.com,5471415298,HR
44e01516-fc2c-4bc4-87e3-25db97b156f0,Elizabeth Thompson,johnfisher@example.org,2079639105,Management
96bd6a12-c776-4b66-a54c-92a84be11c31,Cristina Shah,nwarren@example.net,9563793560,Marketing
88ca1469-17c2-46e5-b262-8f9289b71794,Mitchell Jackson,bhardy@example.com,6152431118,Management
565b54b3-930c-483b-be0a-f672559a7f42,Michelle Hebert,kimberlyhunter@example.org,4195173379,HR
cc2d4c72-d01c-4b01-a8a0-89d943bebb95,Peter Ramirez,jacqueline78@example.net,2663659788,Management
5653f15a-746f-43f8-b4a3-5c4d650aca91,Katie Brown,waderichard@example.com,2340225662,HR
b5f20e39-5bad-4cbb-8b08-2061b699fb97,Mr. Charles Perez MD,timfields@example.com,6585503355,HR
aa4ea2ce-80d9-4fdc-9bd2-847e4c283b8d,Emily Matthews,ashleyrichard@example.com,1230146717,Software
98720f9f-8b42-4237-ae5a-7167dd254860,Amy Livingston,eabbott@example.net,454498239,Marketing
caddadd4-8389-490f-a489-2821cedb5098,Alexander Howard,rickymartinez@example.net,5588746707,Software
c41ed4ab-f810-4441-a5dd-43230b059aee,Laura Mack,qfrancis@example.com,7045930649,HR
9942a059-f4b7-4324-bd69-aa27e3723f6c,Luis Spencer,sanfordjeffrey@example.net,1233713495,HR
9dd2203e-7286-4fa4-bb38-49f24b719429,Sandra Doyle,tnelson@example.com,3361239501,Marketing
3d460195-7a3e-4ff9-8353-04a05ac9dd06,Christian Tucker,ubass@example.com,6756495581,Management
7366e71c-a28e-4be2-aa24-67949c754cf5,Dana Clark,jacksonjack@example.com,6620240301,HR
013f5956-5d8a-4460-8f57-4fb83b8bd677,Erica Snow,jenniferreyes@example.com,9068770471,HR
2da9c9fb-6cb7-4fe0-87c9-83f40e1a8155,Mark Boyd,brittney95@example.net,5812400428,Marketing
8429f571-fc3e-4055-94c7-a21731ad4461,Jason Watson,gjackson@example.org,6094946058,Management
5be9a030-68e6-4fd1-be7d-995da62788a6,Nicholas Wilkerson,arangel@example.org,3314062353,Marketing
f5dadff3-4cdc-4722-8f1d-85e1ea64dfa2,Antonio Morales,lopezcourtney@example.com,4035217990,Management
55ab8abd-0f29-4632-9557-c5ca44f1e9a5,Dawn Hall,april98@example.com,6433762800,Marketing
515d7c32-9f8d-4713-a503-ece73b95909d,Joseph Stewart,lobrien@example.com,6814449663,Management
7a7bb2a4-99d3-4750-b391-c1926f45b506,Tina Garcia,shawnsmith@example.net,8331064218,Management
7e319161-8180-47da-970b-c6cc69d868ff,Zachary Rodriguez,joeoneal@example.net,6011702749,Marketing
4f8819c2-1434-49a9-9eb6-736f91e6676d,Stephanie Bennett,hardycolleen@example.com,4815140528,Management
412e62cd-c649-48da-908e-e5e4fc52d959,Sherri Sanders,rubenphillips@example.org,8800206607,Management
b82fc038-e7c1-41b4-b0aa-504ca81ebae5,Connie Fry,tamara76@example.com,1725542059,Software
a27bb631-0e45-4f1d-8eb8-bcb69e53f469,Amy Mullins,timothyburton@example.com,2149910542,Software
95bc39ec-7ae4-4c93-af94-2bdc011c6709,Levi Hopkins,diane28@example.com,3570299169,Marketing
8721421d-6ad5-4e9c-9906-1cbeff739dbe,Anthony Petersen,sbaker@example.net,456099914,Management
fce89b43-a42b-4ed5-9881-5fdbf9351e8b,Regina Lewis,ssanders@example.net,1066227055,Marketing
7be82b41-1c70-44c5-98a8-698718be26ef,Christine Turner,andrewmiller@example.org,489295137,HR
833961ce-81dd-4cba-810e-738c472105d4,Stephen Olson,emitchell@example.org,3841500012,HR
91978427-3b56-4993-8e0f-35cbb13571bc,Rebecca Cole,piercerachel@example.net,3337423114,HR
68062f70-d6f0-4f3a-8533-2d144cc8c13d,Jennifer Wiley,connie67@example.org,8173976775,Management
7de7b246-e1ba-4951-b88e-4ca95fdc6d5f,Beth Garcia,michelle03@example.net,5920755845,Marketing
0f5127c8-ae84-418e-a2fc-5542bf252882,Lindsey Walker,qthomas@example.org,8560589678,HR
151016e2-1303-498e-abc2-4614e32e0b9c,Patricia Huber,mdavenport@example.net,2289387961,Management
cf5e309c-bba9-4bc8-bda0-6724dd3ca237,Megan Richardson,bellmichele@example.com,7119252153,Management
7d5bbf43-33e8-4189-acc4-50d88916e396,Rebecca Wilson,nancyowen@example.org,4258330254,HR
14e1cb81-08f3-4e2a-a556-3eb83eaffc2d,Angelica Jones,jenniferhart@example.com,4558498893,Marketing
091caa30-c76f-4792-9c9d-9e63d74f14c1,Michael Reilly,pwalton@example.com,1883592354,Software
6ced63bb-2fa7-434d-9631-6e59eb56c6b3,Ashley Russell,timothylee@example.com,2792431966,Management
88cd99c8-c8df-4d68-9753-3eb719814cf8,Yvonne Johnson,ramirezshelby@example.org,2668998685,Software
be69ed51-8ec5-4bcf-8e42-dbe2bfd8e04e,Jason Love,rodriguezaaron@example.org,6761059485,Software
6d3ab779-07bd-40d1-b6dc-7f2ec754a75f,Raven Gonzales,vhanson@example.net,1930596449,HR
698de51c-b8ba-4dc9-a74f-f794f272f59e,Rodney Byrd,vpatton@example.net,7939367237,Marketing
9cf03c14-51e6-4a82-9176-ce8fc659e499,Christina Henry,benjamin77@example.com,2898877512,Software
1a058b99-a535-4eae-978b-fa692d784489,Sarah Smith,hunter89@example.com,9119109878,Marketing
a75a6170-2183-4ec4-aa1d-6bbd83046201,Chad Dunlap,rebeccaking@example.org,6765103504,HR
f46b5f35-5eb9-46b8-9e60-9f5dbac96690,Dana Pratt,nrussell@example.org,5340987094,HR
066b25f2-b7ce-432c-8b63-128ac44771f9,Tim Torres,jlamb@example.net,7003481488,Management
b8112001-6f46-4bce-94dc-3f2a0b9c78a6,Kim Knight,rodrigueznathaniel@example.com,4576482274,Management
e790057d-c293-47dc-a8b7-4b06f059d199,Rachel Steele DDS,klevy@example.net,4724259516,Management
b6c399a1-c99a-48ba-8f79-735e8a023193,Bryan Smith,whitechristopher@example.com,4468859972,HR
d2d97ce0-659c-4281-9b8f-9d1788ea8120,Joshua Schmidt,maryhogan@example.com,790586844,Management
d5f2897d-b963-4bd1-97c3-156f76c86a76,Jason Parker PhD,sandracruz@example.com,4005864693,HR
1567e468-2dc9-461e-b4c0-46d6888808eb,Ashley Kim,vdavis@example.net,8158396342,Management
14969089-9582-4cd1-9804-bf6e596ec2ce,Stephanie Wilson,tammy92@example.net,2122280598,Management
c753d6cf-8618-4246-a991-d492e4e67e68,Mary Good,greenleroy@example.com,2447665484,HR
2b65b566-9207-4bbc-8da7-19c64b599840,Carol Brown,vwilkerson@example.org,9282523189,HR
bec45b3a-59a7-4645-bf60-30b67dc711d8,Sharon Elliott,willisjames@example.org,8892268589,Marketing
34a5b252-2c9d-48e4-87e6-27e5ec5dc2a3,Andrea Mercado,xberry@example.org,9362561673,HR
059c08a8-40b1-411b-8140-2313debd69e4,Hunter Harris,acruz@example.org,8019397492,Marketing
d51adc7c-4762-49a1-ad76-1c67fcd21e5a,Isaiah Cooper,dannynewton@example.com,9907776241,Marketing
96d0a33d-67af-4185-8789-e483b91b0a15,Dana Strickland,jennifergarza@example.org,1917112427,Management
2533178a-e2a1-491d-a43b-177a460bb5f7,Paul Elliott,troywest@example.org,4009723191,Software
c54be40d-5816-40e9-9329-7e9c54a705ac,Virginia Mccormick,jasonyoung@example.org,4246205968,HR
479dff62-693d-4c63-aa3f-d2916b152862,David Jackson,tanyaalvarez@example.com,8494325561,Marketing
2a8538df-aeac-4b3e-a96a-9df88df9524a,Antonio Banks,franklinbrandon@example.org,2627691302,HR
ab2729b3-b0b4-4434-ac8f-a891222efa45,Luis Newton,matthewsmith@example.org,9936715754,Marketing
1b751dc3-7e1f-4733-9e58-099904843c60,Laurie George,taylorkeith@example.org,617051976,Software
41481bde-b45f-47e8-83a1-25d6aadc6bc9,Christopher Charles,fjohnson@example.com,6601746968,Management
84cab59e-bd41-4e7d-80a5-d98c8b36d7d5,Mr. Todd Howell,usolomon@example.net,2209212214,Management
92861404-947d-49bf-b5af-58ae525df45b,Edward Lee,underwoodmichael@example.com,5800111094,Management
6e692ea1-6757-41b8-8eee-9270b7091a9f,Mr. Kevin Hawkins MD,samantharoberts@example.net,6058074762,Marketing
fc52c468-0acb-4802-9365-553157d5009a,Jessica Jefferson,mark07@example.net,511912392,Marketing
372edab1-656b-4638-bd8c-e35b2ec64441,Elizabeth Marquez,lisagarcia@example.net,9383275407,HR
ea007bfd-cf23-4361-b134-05e0f73c076f,Angela Watson,cruzthomas@example.com,583939697,Management
8ae29f14-430f-4558-b0d1-b91ad38c4fc8,Dana Matthews,mwalls@example.com,7733423858,Marketing
e70c3332-247d-4a0c-9bc6-0fcbe8213629,John Moreno,richardgarcia@example.org,9677756231,Management
53eacb90-6425-43ab-9acb-66b1aabbdc4f,John Henson,jessicahernandez@example.org,108150490,Software
4de328c6-4b4c-435a-9ec5-ce386830a00a,Carl Daniels,jermaine55@example.org,1861240229,Management
852ee4f9-9476-4ac0-91f0-f5c108b8f5fe,Sandra Wright,shernandez@example.com,8115958212,Management
ae88dc99-4fd9-4173-99a4-bd17b42d240c,Steven Livingston,kristi90@example.com,8818311424,Marketing
204f3b7f-fc80-4f26-bf88-905683593b4b,Michelle Palmer,bgonzalez@example.net,2056387098,Software
3ed89f32-c648-49cf-a6eb-184377b7aa4d,Christine Cobb,taylormarcus@example.net,3656759027,Software
4d1694ba-4fd0-43c5-82fd-efd4d343250a,Ashley Wagner,kellyanthony@example.net,6537395350,Software
81609957-5162-49a0-82b8-868e0e12d0f8,Veronica Snyder,kdavis@example.com,9560838385,Management
6ddc7e1a-c79e-4dbc-a52d-cb2126cfe7b1,Nicholas Rice,inewton@example.com,1998454782,Management
30163ead-8192-4ab6-9cd0-1aaa5c40c2d8,Alice Pearson,smithjohn@example.net,5716324509,Management
84b0eb48-ee24-45b8-8511-78e3b77cc0c7,Nancy Coleman,knelson@example.org,4002708428,Management
1aae2c40-8db9-4abc-a2ef-90abd80e8e32,Susan Higgins,evansjacob@example.com,985177222,Management
501f68a2-740f-4f5c-88f5-57d67815ddc4,Daniel Little,nicolehensley@example.org,3472810163,HR
5213f154-054f-488a-9723-99c8603627f8,Donald Phillips,rdavis@example.net,7198431258,Marketing
e43740b7-5b43-451f-8c70-ee6d2b1849ee,Kenneth Gomez,meyertiffany@example.org,1342499929,Management
d5a4b17e-f5fc-40d3-a604-eb3fce285f60,Monica Cameron,ggarcia@example.org,8421451463,Software
9c078243-359c-409f-a5f4-533f0a823584,Carol Johnson,debbie08@example.net,8940983016,Marketing
221ee871-f2e2-42d6-87b3-5046af137178,Kathleen Hill,brian72@example.net,9489505681,HR
f8e528e7-214a-4fdb-bde2-8bf8becd4820,Mary Perez,petersonjesse@example.com,1752694229,Marketing
41134e82-77c0-4c92-ad7a-cafa60573355,Patrick Neal,amartinez@example.org,732466151,Software
4dc5207e-9ceb-479f-81c0-affb4a129019,Brittany Graham,jeremysellers@example.net,2081692328,Software
068d08bd-9140-4000-91ea-4a5dde9eb246,Jeanne Kelley,npowell@example.com,9158798297,Software
8bd45f0a-4fdd-4282-bb28-7d0736916647,Caitlyn Sullivan,unixon@example.com,8796446961,HR
2bad0263-a89b-42c7-abe8-d82841a0b1c7,Jeremy Harrison,shawndoyle@example.com,7264044731,Management
181ef411-f51b-4dda-8ea8-0eba464e4093,John Avery,roberthamilton@example.com,1633680942,HR
4e38d691-e5b1-4ca7-a145-1f586f3aeb6a,April Harris,qwillis@example.com,7505601651,Management
04fc6d6c-76a3-4f50-b00b-5817e8d35485,Jeffrey Gallegos,bradley45@example.net,5292057276,Management
b6fa6e84-87aa-48c9-9a63-30ed79ab8e92,Johnathan Johnson,glendawilson@example.net,6914485294,Management
d9ad9cc5-e8ff-4478-ae30-d5ec6e948b7e,Wendy Brown,valerie61@example.com,941278016,Software
5282810f-8188-49a5-8750-03143440220d,Pamela Rios,eperez@example.com,109756609,Management
4a474248-7d22-4422-a2bc-ec98dc00d0aa,Ralph Ross,xford@example.com,1321745885,HR
7dc210b3-b389-41c4-b28a-bcf56236b4f9,Chelsea Duncan,dereksanders@example.org,3693782845,Software
05951722-0d1a-41c7-9c73-7bbdda17b8fe,Katelyn Trujillo,heathervega@example.org,2461503685,Marketing
27a30c7a-9669-48df-a91e-ebde3056bea1,Cory Torres,oconnelltodd@example.org,1590160874,Marketing
65edeaa2-0c04-4ece-90a3-f38ea80b8550,Steven Johnson,johnsonamanda@example.net,5455726652,Software
3f4a9406-6877-41bc-bf5b-6751acee4f45,James Willis,mcknightkaren@example.net,8260670490,Software
b91dbce2-3816-40e7-b73a-0b6920864559,Peter Gill,jennifer97@example.com,8402574069,Marketing
3ddb5026-8162-4ec3-acdd-54102bd539fc,Donna Stanley,eadams@example.org,793044878,Software
c8b6e394-e224-4e8f-8df4-200aa01aaa55,Michelle Martin,ifischer@example.org,6014233157,Marketing
dcfca2df-c74f-4755-b21c-a0781c588f6d,Caroline Meyer,hoganblake@example.net,8633292355,Management
6fe753ad-f860-4344-bc02-e7285d8023d5,Lisa Heath,emartin@example.org,9844892647,Software
89890835-4067-43f4-ba94-aceb7949db1b,Jenny Elliott,murphynathaniel@example.com,6491098606,Software
377303ce-fc11-4eec-b66e-49dc4d1f5446,Maria Brewer,joshuabarajas@example.net,4960395361,Marketing
6eab3f1d-3096-4870-abad-dbc754105326,Heather Petersen,soconnor@example.org,5291120606,Software
97f3c501-77cb-431d-9e9e-302fe15fac60,Michele Williams,michele08@example.com,2054542058,Marketing
30b6178b-1a24-4113-8dd9-0e85fd975a62,Jennifer Moore,ponceelizabeth@example.net,2843328885,Management
00ec8f2f-6719-4ccf-a61b-7e08e0564ae7,Thomas Lewis,jacksonamber@example.com,1982709595,Marketing
0b6b3b37-2682-485d-8104-1388d4f9a740,Karen Shea,tracynorman@example.net,3141037684,Software
889cbca4-827f-4d19-9028-473c5c573cea,Shannon Melendez,thompsonholly@example.com,2840518578,Software
7ca27418-68d5-4c61-8485-9ddcc03e8a9e,Mark Barry,frodriguez@example.org,8560561449,Software
d992c39d-0625-435b-8a0d-7594e43e4271,John Francis,nicoleflores@example.org,9492124449,Marketing
3a2d1eee-bca1-4f2c-bb2d-fd3db3748d15,Ricardo Potts,pachecoamanda@example.com,4408056025,HR
1739fccd-6817-4534-9a2a-641f74b018df,Barbara Alexander,melanieolsen@example.com,8772784899,Marketing
55dcfaf7-2e1d-45eb-89de-3cf3f381e3f8,Gregory Obrien,adamsronald@example.com,3908313768,Management
a9064bab-6dd8-4acf-b822-7c88158153ef,Charles Taylor,vfoster@example.com,2066807710,Software
b1da6bb9-f9fe-47bf-bcc2-08545b9f0a06,Taylor Evans PhD,stephanieglover@example.com,2657897340,Software
99259757-77c0-4f2a-bfa4-a8e974620b94,Donald Reed,christopher91@example.com,6964916226,Software
80c3531b-047b-4b9a-98d0-3960beb47668,Kenneth Mejia,sharpjulia@example.org,238730775,Software
a4ccdd8d-5ef9-4d33-b28c-05b61e7ce542,Brian Gonzalez,eric18@example.net,2443879542,Marketing
41662326-23d7-443c-ae6d-8cb536a9a385,Elizabeth Kennedy MD,jeffreyhenson@example.org,7424526535,Software
41fbe226-6ac7-476d-a022-667623b6293b,Sara Lee,jeffreyrodriguez@example.net,8435710184,HR
d0129806-07cf-455d-adfe-1a3bfd203322,Jeff Bowman,amanda59@example.org,1419599669,Software
0372c6e2-e4cd-46ec-b786-b55b2c48db8e,Kathleen Clark,bradley09@example.net,1048557907,Software
a4c93c72-151f-4d95-bff2-0c9b49d5e8fd,Cory Peters,samanthaespinoza@example.org,1550863134,Software
d80c0ba6-f24b-4a47-87bb-b3036695a563,Shannon Costa,john84@example.com,7709101789,Marketing
f1521a4e-049f-40a7-af21-0cc1f2c9a6e6,Amy Gregory,nball@example.org,3270598725,Management
acea180c-54ea-4358-9305-33da04a3e776,Brett Banks,sarahherrera@example.net,7564478992,Software
d0410fd6-c20b-4c13-a3f1-9e6ef764230f,Mary Meyer,nichole06@example.net,7435038928,Software
9854b549-14cd-4184-b274-4aa529ec45b9,Andrew Moore,millerjames@example.com,4633429010,Marketing
5c63085d-eb9e-4e79-baef-5eb4b2fed30e,Marcus Gutierrez,cooklisa@example.com,8754289931,Management
d9f9c0da-217e-44b4-8bdb-276981499d68,Jared Gonzalez,chenjacqueline@example.net,9297544020,Software
e3254340-f42d-434f-94d8-0eeca4d8759a,Jose Mcbride,staceywilliams@example.org,9075902821,Marketing
2b825b74-3826-46b9-82d7-edb33f482a04,Brian Lowe,nancy59@example.com,3361649204,Software
1f8ecddf-5e05-46f2-969a-e9599e582cff,Rachel Murphy,yjacobson@example.net,653686613,Marketing
ac21abfa-ef08-4b24-8cc7-b06ddd533f90,Amanda Torres,crobinson@example.com,9349116297,Software
8f6d814b-14fc-4cf6-9189-526a124470fc,Makayla Zuniga,howelljessica@example.com,6257520278,Software
745a956f-fa1a-436e-bb00-25321f99b812,Annette Garcia,rgoodman@example.com,9747705875,HR
4317f18c-e74d-434f-ab6b-65b97b47951f,Stephanie Johnston,cwood@example.org,2102667437,Marketing
d79da0b7-36c3-41f6-b0e3-61995db84a59,Rebecca Leonard,karina93@example.net,4459170530,HR
c1ccf276-4968-4f06-90db-f484c1df8667,Sabrina Boyd,dkennedy@example.net,1579964318,Software
9046cff7-d2a5-4d9c-8982-31da254efe9c,Rhonda French,linda57@example.net,8468841468,Software
e4bc1aee-bda8-495f-8582-8dc45947f3ab,Joseph Allen,andersondiana@example.org,5663433035,Marketing
89149ab8-bca4-4f77-a535-31427eafd2c4,Heather Ross,jordan69@example.com,6078217778,Management
d134535c-788b-4756-9fb6-e3380c8ad06c,Brandon Stephens,kford@example.org,143297318,HR
175d1ca6-fdd9-4b00-8530-042b658d9253,Tina Deleon,james45@example.net,8147945016,Management
1bc1cbf9-d1c8-4812-ac29-c3c4caf6ba49,Ann Roberts,kathleencarlson@example.com,9169485782,Software
83df8c34-cc84-40b8-899e-8ffba14a439e,Albert Rodriguez,ujones@example.com,210798707,HR
5998384c-db2a-4dce-bf9c-b872aff7311a,Joanne Smith,debraruiz@example.net,7729393329,Marketing
c8de9aaa-7c0b-4b28-881c-85de4a28fdea,Alicia Baker,brownallison@example.org,3381870108,Marketing
63662aa6-1737-412d-80d3-336fcf4e9d36,Christine Anderson,shannon23@example.org,5338487178,Marketing
ed4cf541-ff3e-45dc-9011-02fe4aebe5c1,Amanda Smith,john98@example.org,9190410843,HR
25967ae4-9ea9-4e47-bfa9-736477df4bc3,Nicholas Mcbride,karenraymond@example.org,9103485707,Software
e5228a56-c232-4ba3-b72c-0cbe1908b36b,Jessica Morrow,smelendez@example.com,2229357936,Management
e2eae588-7cd0-4104-92ef-2bf538cd7c76,Leslie Chan,allisonkevin@example.com,1702191557,Software
c6d43868-09a2-48c4-a260-8beb8d6b50f4,Mr. Terry Robinson,jbell@example.org,5452636473,Software
31f1f51b-f8a8-4e9c-9c0e-acd092c1de55,Tyler Mcclure,jacksonparker@example.net,6345776536,HR
1c16526b-663d-4e6f-a8d4-1d5e4d562ad0,Bradley Thompson,zhowe@example.org,4780929232,Software
4940e0c9-3fd0-425a-9df9-6d44d80bbe72,Edward Lane,stephen92@example.com,4450887830,HR
8fad8103-47ee-484c-a815-cf1dbe4faf24,Dana Hawkins,brittanyhall@example.com,8122184507,Marketing
1cd3f930-c7d0-4e76-8ca0-3d7acb09eb00,Billy Rivers,john85@example.com,5378233843,Management
aa4c71ec-7f3a-4492-9ee5-f3e7fe0c779d,Victoria Jones,reynoldssusan@example.org,96393977,Marketing
95a9cb9d-3349-4d08-b197-0fa7120013fd,Ernest Martin,ypage@example.org,1240460040,HR
4f19c3e8-b8af-49d9-b45e-58915bb0e799,Mr. David Thomas,dpayne@example.org,2864192572,Management
9d32384f-0770-4a5a-9a0e-3368d09850ab,Ryan Walker,barkermisty@example.org,6874026207,HR
620ea162-4059-41e9-b769-1a690af3e988,Kathy Baker,darren82@example.net,3054991682,Software
a22dbe21-a937-4421-9c08-43d07c36be34,Destiny Good,jrobertson@example.com,1742970401,HR
954c5cbd-1f5b-472b-94e3-96d12a727bba,Kyle Martinez,smithmandy@example.com,451066430,Management
2b0e0edb-0776-4554-96f0-e158eda7c427,Christopher Schwartz,englishveronica@example.com,3549444269,Management
8ada5226-753a-4305-94b2-6784dc51c1a7,Nancy Medina,guerrerochelsea@example.org,7738552101,Software
bfac9eaf-311e-49e8-a922-2f2b90782cd6,Mary Rodriguez,katie35@example.net,637568591,Management
302accbc-adfa-4e08-9b71-d25195d23fa1,Ryan Morris,robert32@example.com,6514522349,Marketing
7c1a75aa-492a-457b-b818-2e5962feee74,Joseph Curtis,samuel23@example.org,8258253025,Management
eaeadec1-bbad-4703-81d8-7987ffcd4a4f,Julie Hoffman,qhenderson@example.com,8531838774,Marketing
0dffb316-a9fb-4a13-b9e8-fdcd391fb9b8,April Orr,zwade@example.net,3425500592,Software
4f7a4b4d-842a-472a-a6d7-805ffe2df854,Michael Velazquez,valdezthomas@example.com,1043041857,HR
089a7ef2-7756-4098-ac75-476ce5365169,Jeffrey Jimenez,travisphillip@example.net,7500556345,Marketing
de6e64a5-545c-4d17-9f9c-b4eed0a29bf2,Mandy Graves,kgonzalez@example.org,9399434317,Marketing
a75f2477-24cc-43c0-b07f-1b8bfc2ee43e,James Morrow,amanda59@example.com,46951876,Software
f958015d-0c25-4181-9ae9-a8a990724a0b,Yolanda Douglas,baldwineduardo@example.org,6844140531,Management
acefd1e9-b6b4-4128-bbac-e06540e02228,Christopher Allen,benjamindelgado@example.com,6647428838,Marketing
bb011366-5be1-4e2b-b0e7-1f3c54e47681,Samuel Patterson,nielsenshannon@example.com,3332926043,Marketing
7032f8b3-0d00-44b9-82ee-8ff7436772e8,Shelby Quinn,thoover@example.net,5890055749,Marketing
06d060c6-cef2-464d-b332-949226f52fdd,Jonathan Reilly,josephmosley@example.org,8444318642,Management
9f00e479-71d0-4dca-a8f5-bbd0d08ea46b,Earl Wilson,christopherallen@example.net,176514908,Software
9d93b24a-fb41-4001-80ab-7b52c58c829e,Krystal Cooley,katiehicks@example.org,5765151058,Management
72558d08-f5ba-4ede-b045-ff71359b2269,Michael Blanchard,fryeelizabeth@example.net,2462148052,HR
77f404db-fb1e-4189-ae0f-fb5da44c497e,Danielle Bell,gonzalezrachel@example.org,9544198365,Management
c1f05459-0f46-4487-8370-88e0a4d3b574,Vicki Wong,hughesruth@example.net,8201191427,Software
39dbc0e1-86c8-4be3-8377-b1c92f92add3,Collin Cook,sharonwilkinson@example.org,9437726731,HR
ef65c9b1-c005-47bb-aa85-757ee0cea680,Elizabeth Mcconnell,richard77@example.org,9150950905,Management
b08a885a-5e40-4800-8f6a-175819731248,Rebecca Myers,fmay@example.com,1171183714,Software
6808a3d3-bf5d-4146-ab23-c53a82b1ddd5,Laura Wilson,michael40@example.net,5345539204,Software
4d03ca06-5d9e-44d0-9607-996fe1bf60e5,Steven Newman,jessica31@example.com,7956800645,HR
708f02fd-867a-4e94-b54f-63e42d35827b,Jillian Obrien,robertking@example.com,1463386149,HR
3627243b-6e7c-456f-bcf1-ee6cd35a91ed,Christopher Fisher,gavila@example.net,3667743090,Management
d1726d96-13e1-4284-8a85-32699d761946,Lee Bates,jenniferkim@example.org,3826534780,HR
bf96ea71-2620-4d03-9c83-05faf3880cf3,Philip Avery,hunter41@example.net,4092457864,Management
50aa8bd7-64cb-4b42-aa95-810beca6743d,Kelly Thomas,jeffrey35@example.org,3561240958,Management
8a7054f8-e13b-4cb0-b403-13c4f8c79233,Elizabeth Berger,ylee@example.com,4816095994,Management
106ab402-8459-4a86-90cc-7593b584d8af,Laura Braun,donald34@example.net,629512104,Software
0115a278-d300-42ae-9bd9-6d82d06e40b2,Fernando Baker,sylvia15@example.net,7246250981,Management
2c2cf9f1-26ad-493b-8c45-3354c21be56c,Kelly Conley,shahmarvin@example.com,7408050346,Software
411fc540-9f55-4d49-88b4-e4a59d785560,Robert Wood,lbrown@example.net,1835533449,Management
6c354c84-b76a-4364-9b7a-daad263d7212,Brenda Osborne,dariusgraves@example.net,5975684662,HR
12503049-0b75-4c09-811b-c6d3db43efc7,Michael Edwards,alexanderjimenez@example.org,589861304,Marketing
d4efaa60-c15f-4f3f-bd68-c19c9bcf7341,Steven Hubbard,ecase@example.com,3945122079,Marketing
1c19a695-2803-4990-a99f-c1eec91ce92b,Riley Daniels,bettydaniels@example.net,4794858469,HR
135e03e5-12ae-4b4d-81f9-f60b8ec97e2d,Amanda Rose,cclark@example.org,9567076367,Marketing
a0421654-d1b0-405d-b437-9b9d96f5e912,Gregory Sutton,kimberly86@example.org,9171541788,Marketing
0fad0474-d24f-42b4-8aa8-ac18b69f92fd,Taylor Martinez,debra55@example.com,1274825016,Management
e02b6a0a-f8c8-4062-90b2-feda8b48145b,Miss Hannah Chapman,david41@example.net,2683205544,Software
1ff5008a-6744-4b93-8627-75f0f3befcd0,Kathy Byrd,valerie88@example.net,9791083734,Marketing
494618ef-52d8-4cde-b3cb-e2c579f43255,William Henderson,angela96@example.net,5098823512,Marketing
25d2685e-8bdf-4407-b858-7d92247788dc,Whitney Riddle,joshua99@example.com,3790552689,HR
faed3685-3350-4194-9156-bf4ad7f74ab6,Samantha Williams,john40@example.net,3215883801,Marketing
82e91924-095e-4c60-b973-7e4d5eb2b9dc,Lauren Nelson,johnsonjohn@example.net,9492365378,HR
217114e1-90d6-40da-a51d-2bfbba4ddb6f,Scott Murphy,garyjoseph@example.org,2930892427,Marketing
e8eed0cf-2c02-432a-becd-12f1442d2d63,Alyssa Jones,jameskerr@example.org,4160648911,Software
97e6c433-9356-40fc-a92d-efef6124ea30,Michael Clayton,phelpsjessica@example.com,3785770017,Marketing
56b14115-9407-46db-adcf-bb55fbf26a77,David Weaver,mark03@example.com,6913080527,Software
5590f778-595b-41c3-ba8a-b3a12e65bda6,Sarah Smith,mark57@example.org,4764623409,Software
603bef75-0529-42c6-8208-63e6b51d6502,Colleen Johnson,katherine41@example.net,5344971328,Marketing
c67b86bd-e9ba-451d-bff7-ba266a15899e,Matthew Jones,alvarezricky@example.org,7984348811,Software
f0f713d5-8861-4a50-b882-8f54ad1a132a,Justin Bryan,moralesjose@example.net,2090381455,Management
46be944a-5ad4-48f6-bf15-9c623e31fe2c,Cindy Nelson,mallorygarza@example.net,6221384244,Software
6ba2a3d5-47b0-4220-bda8-98a0f7f47c22,Kyle Johnson,brittneydavis@example.net,52541932,Management
75c3d13f-965e-4d64-873d-9d40f4bc7f76,Toni Fowler,christopherwhite@example.org,8496848232,Marketing
ef6f43e4-bd63-4bf7-ba65-f4704d106bb6,Roberto Padilla,julierivera@example.net,7276595393,Management
0a6c71ae-1f73-406b-ba30-cc063114244e,Jacqueline Vazquez,roberto26@example.com,7896781007,Management
1c04d23d-fad2-4ad1-8c1d-5cca15bb4292,Suzanne Robbins,ubrewer@example.org,7026590204,Software
00374200-6a2d-4422-90c5-9f9d6c88043e,Adam King,justin79@example.com,8422476939,Management
df200bdd-b36e-4c65-b18c-19bb56768bdb,Susan Jensen,valencialinda@example.net,656633929,Software
e23039a3-9473-4f23-8af3-f189ef546148,Justin Medina,crystal89@example.com,7908688511,Marketing
89ad0b78-54be-4369-a317-bedb5835bb00,Jamie Davis,edwardssandra@example.com,5370016672,Marketing
0634ebb0-fa36-40c9-ad89-ba92dfbc9da5,Juan Small,graykevin@example.com,9410865063,Management
fe841c9d-c45e-4b1d-8588-c4f09713d572,Lauren Smith,aimee68@example.org,8170302701,Marketing
a6f67a14-64fd-482f-9498-2d8ac8467366,James Warren,boltonmario@example.org,4215171330,HR
4ce3cea8-9694-49e6-98c9-e1b8b071ccc9,Courtney Parrish,jasmineprice@example.org,8767079499,Marketing
5886001f-8b39-42f3-a55c-e1c2de40f19a,George Nichols,boltonashley@example.net,3884292231,Software
e3307027-f8ba-4886-81cd-45f55fa59989,Sherry Miller,kchristensen@example.org,1110381442,HR
38782f42-70e5-4063-b408-8fe7a1f128a6,Kathy Perez,alexreyes@example.com,8600635018,HR
4d40f670-1269-4d95-a103-ed29164df90a,Daniel Parsons,douglaspowell@example.net,634239057,HR
ddf8fe01-92bb-4d8c-ac2c-af79a4aa08fe,Courtney Owens,brittanyschultz@example.net,7098799277,Marketing
293435b5-49a8-4d5b-8781-f53995ab8e4a,Mrs. Savannah Ochoa,powersbrent@example.com,4591955634,HR
6d3fddf1-ee7c-43e1-895a-9ceb94f5f565,Melanie Rose,jennifer87@example.com,2922894435,Marketing
143e595b-3d40-4b92-85b7-b82b993f4e8f,Jonathan Chan,daniellehancock@example.net,4373074432,Marketing
f4e73beb-0615-403a-9f55-bc08d45d0cce,Justin Dickerson,dmathews@example.org,3931233194,HR
52205cd3-bcfb-4c51-876c-9f19deb653ce,Kyle Collins MD,philipperez@example.com,8385056485,HR
d15a6734-2485-4164-9f28-824edb5005b6,Samantha Fleming,erinmcdaniel@example.net,4038411885,Software
12951d81-8fe5-4aa9-b972-f640a6389063,Timothy Russell,morganpham@example.net,2897699479,Software
5cc7cdb1-ae8d-401e-8bbf-a041b4d399e1,Russell Lopez,jason91@example.com,4837446994,HR
4533f245-1c37-4f28-8bb3-6ce7e7c06b79,Erik Davis,wanda04@example.org,8680682234,Marketing
7ca452a1-24a0-4df9-a511-daff5eb08ea4,Robert Cook,msnyder@example.org,8568406608,HR
6be9fd68-551d-4646-94de-98d663d449dc,Thomas Duran,ethomas@example.net,7397331553,Software
19bc5431-f22e-4fd3-8b1c-0ec10be58f98,Kristin Bennett,wyattconnie@example.net,3817064364,Marketing
a44b6c37-bea5-4abe-bacf-386a446d5c69,Anthony Murphy,michaelmathews@example.org,6769514502,Management
225d5450-bb28-4bd6-8e6f-2770856a348c,Brenda Todd,owenkenneth@example.com,7552722281,Software
bfc9cf9c-072c-4b41-8dc5-db9402f8c1bb,Rita Allen,melissa70@example.net,8230711145,Marketing
83e469f0-7707-4228-98dc-cedadfaa1bf8,Phillip Wright,debra42@example.com,4724369019,Management
fcdf84fe-d1e0-41f1-8f85-4d268490bd09,Albert Hampton,graygeorge@example.net,9206310023,Marketing
ab3e4d6e-4d54-4099-9a66-e35626cc6942,Alan Cruz,bellwilliam@example.net,5500449390,Software
bf55c4c5-a556-432c-bc3c-536f132dd741,Craig Stewart,sweber@example.net,1585002835,Software
a2f992fb-5bba-40f6-b081-3aadbab83e92,Michelle Stokes,karenblack@example.org,1174645683,Marketing
6698553b-ece4-471b-bc8a-5290d1560613,Carolyn Jones,daniel89@example.org,2505323580,Management
42140fdd-e76b-4c4b-a1bf-fa6b40627ae9,Joann Hawkins,michael86@example.org,6568963327,Marketing
b68d429d-4806-4f19-8714-1d150f8867bb,Cynthia Barber,garciamichael@example.org,306132196,Management
ef2a0c6d-d399-4af9-9bcb-c3ad62066f2e,Kimberly Turner MD,kimberly47@example.com,8937974406,Marketing
e17d8d76-026d-4f21-8c1c-fa4007545116,Jonathon Lee,jason01@example.net,975434815,Marketing
aca788fe-66f0-431c-848a-e1cafe3828b2,Dave Young,simonandrew@example.com,4461378315,Management
07efcfa1-db75-4ec3-b240-b8b4f3998727,Amy Black,alexandra46@example.net,1157044058,Software
934191e1-520e-441d-b421-10b7f916faa7,Margaret Butler,shannon55@example.org,8337292963,Software
a1b1eadd-99a8-4343-bdbb-6ca9feeddf2a,Jaime Lane,jane24@example.net,2626768501,Management
0cddff8b-a4b9-4c1f-a19d-6243ae67c4da,David Aguilar,wendy75@example.net,3856967128,Management
46359b69-bf95-45dd-b7b7-7c73fea9c8ce,Tracy Hinton,smiles@example.net,624502028,Management
cae37e40-4c93-458c-abd0-3ec60d114c0a,Richard Fitzgerald,samuel01@example.net,2877065407,Software
801a23f9-0ca4-467e-9e7e-c407a25ac250,Nicole Palmer,mauricewalters@example.org,6812481993,Software
e56456b2-cb9f-4514-a06b-e8a88f52fe31,James Bryan,paul96@example.com,8382845998,Management
184d121b-5207-41a0-a1b8-d7f8248c94c2,Rebecca Webb,ecole@example.org,3984502277,Software
13c3c4d6-bcd8-408d-964e-8a721134ac05,Denise Phillips,jsimpson@example.net,909949079,Management
8471f59d-ef0e-4c94-852e-e59b29e85ce8,Rebecca Parker,garciamichelle@example.org,5993395979,HR
d5c42a11-fd9f-4320-ad31-890d8aa1f8b8,Andrew Richardson,ffrederick@example.org,7776771793,Marketing
b350cf62-2d84-4f8b-a8a1-289a9960ccf5,Ashley Boyd,qpeterson@example.com,410418208,HR
e6bcb0df-c72c-44b1-9abc-2f63dcf0c162,Sarah Smith,flynnjoel@example.org,8035815556,HR
9deabecb-a004-4742-a7bc-1ccfd58a19db,Toni Walker,diana86@example.org,4267804568,Marketing
f2c27d0e-c9d1-4905-8f67-3ccb7442cb6e,Jason Mcknight,william35@example.com,6178222218,Management
117f5a16-dd32-49c8-b71c-80c2c02fe9dc,John Bailey,manuelwarren@example.com,2060687137,Software
9495c6e1-4478-420b-9837-ead8ea329639,Steven Roberts,kingdebra@example.net,6612699276,HR
4c670470-fbea-4ff0-9077-e01e7934d5ef,Tiffany Smith,bknight@example.com,517612239,Software
194ac5d7-0ee1-4042-8766-755e8e0a02ac,Thomas Crawford,paulkim@example.com,5409140936,HR
20070e9c-1b29-4d04-8ab8-dc729789c0c4,Raymond Miller,udavis@example.net,2695840830,Management
6f42e8fe-8cb1-498f-895b-57421e1afaa6,Maria Graves,gregorywilliams@example.net,6230480912,Management
317ae51c-7247-4007-bda3-cb041af141ac,Eric Smith,amurphy@example.org,5794041912,HR
26cafcb6-4c2d-429b-a0a7-1af70f106804,Dr. Anthony Hunter,yfigueroa@example.org,4697455638,HR
8871d60d-fcdc-4075-b27f-36537b34540a,Joseph Smith,simpsonjohn@example.org,2353285074,Management
33eb52b3-fdfb-426e-93ea-264329a10b18,Russell Patel,uwhite@example.org,4405962700,Software
3605896f-e6a3-4330-9438-f97fa8480f8c,Tyler Davila,walkerandrea@example.org,6017181555,Management
bf7c022e-c600-4020-9aca-730a92adf7b8,Harold Garcia,umccormick@example.com,2441165427,Management
e23a1445-e71c-40d7-b89a-1e10069bee09,Christine Martinez,ann31@example.org,7768239243,HR
18c4ec7e-5581-4bf6-9918-195b6ce02132,Kimberly Banks,kevin57@example.com,3301324522,Management
69f48619-af17-41c0-9389-999af7819e3a,Tyler Bowers,beckersandra@example.net,5394212350,HR
cd887cac-c1b3-4d9f-a95a-daeb1dd1cafb,Vincent Howard,matthew99@example.com,1731435971,HR
0fc9f6b9-f99f-43d8-a921-4fcacffa9f27,April Trevino,heidibradley@example.org,1605557094,HR
d10e4706-934b-421e-a622-85458b4736a2,Rhonda Juarez,dflores@example.com,1928171298,Software
a0b9f456-e508-41ce-898e-ae545954ad25,Heather Martin,danielpalmer@example.com,4193757848,Marketing
0ca9796b-80cc-4668-a127-e3675beec404,Monica Jacobs,jasminesmith@example.net,8275511869,Marketing
d9e94953-8e8d-4a8d-9c6e-f8d6481e4334,Steven Cohen,vpowell@example.net,2313041895,Management
31adcc47-96c0-4a5b-9266-3b8917447d45,Cynthia Young,michellemurphy@example.net,4482278682,Management
88b6cc98-2077-4d92-abd3-b380a04d82f7,Lonnie Bean,mistycooper@example.org,2114381225,Software
f5e65e66-a844-4776-92c2-b05eaeb4c9c7,Johnny Smith,donnacarroll@example.net,819427174,Software
e5c6a6fb-5e9b-46fa-8b1a-c4839d91c856,Melissa Pitts,ramirezjohnny@example.net,6021922560,Marketing
6f4d7948-c350-4c21-9d75-0fcaf8684c07,Hunter Gonzales,timothythomas@example.net,1831287479,Management
f3fb024a-34c6-45d6-a2a3-b4e2bd0ca810,Ashley Diaz,christopher42@example.com,4024603915,Management
6d62da3c-24a6-4f63-a545-0eb7438edfab,Dennis Francis,jamesrichardson@example.net,1440603995,HR
7021015b-b358-49c0-ba96-9cc9a4c596d7,George Stewart,amy82@example.org,8063570280,Software
aa41e044-e024-4602-abd5-f29c5b8bbe80,Mary Campbell,andreamurphy@example.com,3092095849,HR
b54d0ffe-3aac-47e7-85a3-1e9fd5e7cb3d,Scott Jacobson,robertashley@example.org,1879711838,Management
26d14782-3b78-46c4-a20c-7b8cb14dd8b7,Charlene Collins,manningmiranda@example.com,5223918974,Software
340489ef-659e-44b8-9223-8f9e7a4fa997,Jose Schaefer MD,theresatran@example.org,9652129666,Software
57eed34e-9d14-4c75-b1ea-e67bee9df1f2,Corey Olsen,rodriguezrobert@example.net,925690267,Marketing
57ed47eb-da9a-41d5-a905-c46728f837ff,Nancy Rosales,matthew44@example.com,7848788869,Software
b01d9321-2375-468b-a660-00ef0b4654cc,Keith Mathews,beardamanda@example.net,9916850433,Management
5bd63372-3e60-4d18-b4f1-e2182fd67dd5,Bryan Rowe,melanie39@example.com,7263803904,Marketing
9c6b6113-b781-489a-9737-2460086d55ec,Daniel Smith,ltownsend@example.org,3606511214,Marketing
2c267cf6-9690-4c85-a9cb-7e4a4ef9da6e,Valerie Smith,richardwells@example.com,4419490356,HR
6c6e3208-d061-4c26-88ae-5ca635433eae,Derek Lewis,natalie68@example.org,5902626032,HR
79c135b6-361f-428b-8c87-d85f48ddd6fb,Michael Smith,emily19@example.net,7028809824,Marketing
28ce5548-86cf-416f-a824-6249df676691,Danielle Jones,camerondavid@example.com,4415973358,Software
02cc6f22-687d-4b57-91e7-6751e3e80fb0,Kristen Archer,lauren31@example.org,2069932383,Software
6516fa95-9764-43e0-a514-fd12f4d95c66,Carlos Forbes,sarahwilliams@example.net,232336410,Marketing
ff3caf5a-a80c-41de-a547-422627b41d4b,Austin Richardson,bradley45@example.org,7155709744,Management
b3c7047c-8f33-4d7e-be62-92b3621cc128,Edward Lopez,jeremymartinez@example.net,7480935988,Management
5c9645ab-043e-4f5d-a09f-e30c048064db,Mr. Michael Sims,mdillon@example.org,1003056866,Software
8cb62e9d-f33d-426e-9b98-e70fb833b494,Ronald Barrett,mary12@example.org,7542147318,Management
bcfe641b-2262-4e58-9ec5-a790b23b332f,Shannon Miller,davidrios@example.net,2912220141,Software
64bac30a-3fc0-4c14-be03-ea05a009631f,Todd Reid,shannoncarter@example.com,4396405507,HR
38cf7347-bd65-4193-93f6-90535431b42b,Nicole Rodgers,uhuber@example.net,795472293,Marketing
4be73b8a-4a6e-4708-9686-4ab27acc5c37,Terry Rojas,manuellopez@example.com,2288366905,Management
766e2166-4d0f-4801-b214-a485f27f7c67,Kristy Wade MD,ysmith@example.net,5757662431,HR
f7f07993-039e-4681-8004-054287d760b8,Bryan Griffith,joangarcia@example.net,7532746297,Software
1ff76ce0-a3d1-4dd4-8012-55488a715348,Tyler Cox,robertcannon@example.com,5092126764,Marketing
8337b818-829b-4c4b-9ae3-77ad0b3a46c2,Raymond Medina,aharper@example.net,9773016106,Management
8d0538f2-37a7-452d-a0c7-67364bf04338,Jordan Martin,phillipslindsay@example.com,2335958947,Marketing
0247e4f9-7ea1-41d8-a9f9-4fc5fd103e83,Charles Walters,thomasquinn@example.org,8807107778,Marketing
bd4b028c-d207-46a9-b3f0-8c560ff67ec0,Jennifer Lowe,ujohnson@example.com,850525622,Software
9e64179d-4e01-4079-9f80-1aaff509ea11,Lori Torres,erika68@example.net,7454980786,Management
15e34a49-b020-403f-a342-35854799e628,Daniel Mason,mcdonaldtonya@example.com,9212858699,Marketing
05b5eaa1-5946-44bb-8376-8700fcf43fd6,Emily Bond,michaelarnold@example.com,8688123332,Management
4bee9011-1462-46a8-8cbe-dcef590c5bab,Phillip Ellis,joshua88@example.com,5386524630,Software
27ed4696-e1b5-4e34-9ea8-272a1fa5d6cb,Sheri Lin,darrenwilliams@example.com,3941927591,Management
14236897-3df5-48d8-9cae-a0ac076a656d,Ashley Soto,vwatts@example.com,3744792058,Marketing
ce5aaf51-7a40-4b20-9446-2b7cfbb15cca,Christine Anderson,stacey47@example.net,1257498607,HR
edfd6bd4-7c6e-420e-bc32-8d6cf44ddc12,Sheri Lewis,dwiggins@example.com,3072256202,HR
6f9c8cb0-9755-40e6-892a-5af2b362b1b0,Andrew Hernandez,stephaniejoseph@example.org,3095191211,HR
bd1127ac-5217-4516-a6c4-03fbb5f37bd5,Brian Peterson,lindsay93@example.com,3551768386,Management
2337a8ff-8f9b-4aab-b38d-f7b0018f8549,Katherine Freeman,bonniegordon@example.net,388916991,HR
f76305a4-26e8-4f72-9de9-bb21cec62939,Julie Singh,levinekelsey@example.com,7642361273,Management
d312c0c9-15e7-41a7-9e8d-2815348cb965,Eric Pace,sanderscharles@example.com,5512604511,Marketing
402f62f3-1f3f-4940-85ef-a8b8e53dda28,John Blake,ashleycantrell@example.com,4981622966,HR
81225fdb-0e0f-446b-bd6e-81a24d5e2cd6,Mary Johnson,riosmegan@example.net,6992728069,Software
ec2dc0e3-fdef-464d-bfed-c37ef2cc170a,Adam Thomas,fmartin@example.com,9622111303,Management
b1c3cc92-480b-495c-afac-c15d09708be2,Amber Griffin,mayerjared@example.com,7637139243,Software
03653475-83e5-418f-9f12-07aa6129c72d,John Bryan,harrisjames@example.com,2368326962,Software
89959864-0e78-413f-a2b4-4a8b960ea3c8,Tyler Barrett,donna56@example.net,4750516995,Marketing
81d024f7-ab9f-4043-b3ce-956503e9b6b2,Mitchell Francis,vasquezlauren@example.net,9460704684,Software
0ee892f4-d984-4137-a32a-3950476be673,Chad Morales,ashley68@example.com,7811930638,Management
fe2a56e8-ffa7-48a5-ace6-f7258ca6769f,Sharon Randolph,bailey02@example.com,1844649454,Software
7bfd5fae-a8ec-4935-a20b-2020ae5fa574,Robert Thompson,kimberlythompson@example.net,4129629806,Software
a958a0d0-4a8f-40a4-b4d7-91afef217024,Jaclyn Austin,royproctor@example.com,7361650220,Software
cac0fde3-6943-4c56-9fa1-85517f66601d,Melanie Williams,reevesdavid@example.net,4130340646,Management
2e9ca8bd-b54c-43e0-84c4-2bb8e15fd711,Jessica Duke,lserrano@example.net,6251412123,Software
afd8af6a-596b-45a5-98e4-459c6599162a,Arthur Clark,jbooth@example.net,7472015853,Management
7ab9456c-f820-4625-b73d-309e5b492cce,Mary Patel,wendyrichards@example.com,1982054428,Software
7cc68bed-9c29-4841-9570-038f8d496b0a,Jose Brown,joy66@example.net,6795089590,HR
03fde6fa-2ed5-4326-9d83-6577a2754bdb,Cheryl Roberts,jennifer22@example.com,8616028643,Software
70335e88-00b5-42cb-bb1a-ba5c4c997ff8,James Mueller,bryan45@example.com,1427805217,HR
452e1143-d77a-4e03-b7bb-93ebfb0d4d77,David Anderson,robert07@example.com,9021826021,Marketing
a962a7f2-893a-472b-bd99-027b8e9d4ae4,Jennifer Wood,rebecca10@example.net,3551175308,Marketing
a9f09022-86c3-4de6-94be-4c3ebf2104df,April Goodman,geoffreycochran@example.com,8435280087,Management
1ab44f0d-7433-4d57-a6f0-a43668d38ed0,Heather Gonzalez,blackkelly@example.net,8645454552,Marketing
750e7bb1-f7e8-4357-a5db-c8acf5fcae21,Michael Morris,molly75@example.net,1239267812,Management
622ba62f-4064-4f4a-8e3c-4fd849b22568,Christopher Mcclain,lutzcarrie@example.org,6691597247,Software
e414c481-3118-4402-a99b-3b2d81f127ef,Vincent Wilson,sspencer@example.net,1706565648,Marketing
22c72485-094d-4f4b-b443-e80a13388cb2,Michael Henry,ashleyglass@example.net,4720924250,Marketing
c9c1b04c-24c6-4f98-a5d9-ca9dcf8074cc,Christine Sparks,bdavis@example.com,4069531488,HR
327138f4-47a5-4faa-926a-057660666a22,Amanda Ferguson,deaneric@example.com,4635118348,Marketing
c67726de-5c34-4251-a901-6bebf3a14e18,Sabrina Lam,shanewilson@example.com,6055896141,Marketing
afc00e22-3ab7-4657-97e0-12beb3f4b099,Melissa Gutierrez,lisalee@example.com,1948811214,HR
14c92fde-47e5-477a-8861-1952d7051fe5,Brandon Bautista,sarahbuchanan@example.com,9762100033,Marketing
07676f44-7ed9-41a6-9ed1-4be9bf207f1f,Lisa Wagner,leemichele@example.com,3566877201,Software
d55498f8-883c-4c75-a209-4dfb0852dc22,Jose Camacho,ugreen@example.org,1204932226,Software
f4be604b-c076-4231-9e7e-1de5a24f8787,Emily Lam,kenneth82@example.com,6935985850,HR
c55926dd-1c30-4bd3-9dc0-b99cb6f88cce,Jacob Smith,brianramirez@example.com,8814824504,Management
54a91062-be43-43be-806f-71dbf63ee58c,Richard Martinez,cbrown@example.net,920117010,Management
76f1c488-464d-476a-9e34-b6d18f5ed706,Ryan Daniels,grivera@example.com,753506258,Marketing
ba49fe8f-a19a-45db-8dcc-fc348bfc4d76,Christopher Bryant,lisa78@example.org,5267011673,Marketing
a85dd59c-66cf-458d-b987-a5497e66cceb,Amanda Guzman,ybrown@example.org,1095848391,Marketing
a55559cb-9d36-4546-88f6-455faaa8e141,Joseph Brown,kenneth42@example.org,5606373483,Software
d6d2ca97-6207-4f50-8206-a932e3e7ed3c,Ronald Smith,rogerperry@example.com,349546490,Marketing
d4c50c02-0e33-4fce-a3ed-00b680458122,Michael Wilkins,stacylee@example.com,3700118035,Software
ae570ccf-a737-42a3-8c36-6a8910fdc1ec,Jasmine Clark,amartinez@example.org,9613779125,Management
9f119514-954f-4faa-ba5c-797a116dfbbf,Adam Stephens,walter51@example.org,4870969018,Management
2e1302df-a92c-4b6c-9f3a-408c8b54c044,Christian Cook,julielee@example.net,1391835687,HR
835fddf5-b0f2-46dc-90de-918176f271ad,Cheryl Kennedy,brentdiaz@example.com,3067637188,Marketing
1fdd15de-6849-4549-abfa-d61ef1ba1413,Deborah Garcia,geraldmartinez@example.com,2690798743,HR
db404e5a-1ec0-4a9f-980d-e464b1ff83e6,Robert Hanson,jonathanharvey@example.com,174653186,Marketing
16d970a0-713e-431d-9a3b-0e1f0236bac9,Kenneth Lopez,victoria09@example.net,675376309,HR
920ff420-f25f-4288-8d11-1f88b0ef7e45,Cindy Hernandez,duncanjessica@example.org,2365104898,Marketing
9995786c-48a6-44f7-9943-8fac9a465d32,Rachael Collins,kingjohn@example.net,7278976504,Management
5a4f6038-a7a9-40ad-9f5b-8cd909f66eb4,Lisa Harris,transhane@example.net,6008311690,Software
29f75d91-d8c6-433b-aa07-1d9c9c71cb5e,Holly Green,rhorton@example.org,9585536457,HR
48b7a287-30f5-4ab4-88a3-2da30058b25d,Lisa Santana,ibarton@example.net,9758335859,Software
a22ceeec-aa95-4493-a545-ef6906d841ad,Daniel Jackson,bushnathan@example.com,9501959624,Management
ff350918-4610-42f7-a356-28c653985a2b,Vanessa Miller,inewman@example.org,3836976299,HR
0853891f-f784-4567-8a7c-402fce391065,Alexandra Lee,bridgetpacheco@example.com,8573910324,Marketing
d7afad95-69cb-4bac-919b-4b723e95b870,James Rojas,mmorrison@example.net,4485455105,Management
f7a999e3-0ddc-4c7d-bda9-ff60ea9b55a0,Nathan Salazar,amber48@example.net,6106205314,Management
9121c457-2327-4a05-8d5a-33943725c3fa,Dr. Walter Lee,floresdakota@example.net,2286759040,HR
17e7e772-e046-4f4b-9a2b-6a855ae067b0,Teresa Ramirez,dbell@example.net,5589035756,Software
0f18ddf5-9eeb-498b-922a-95af74399c41,Sara Kelly,epennington@example.net,4425768311,Marketing
995f9277-1784-4a8b-a0e4-04cb90099f4c,Paul Wilkinson,cartercassandra@example.com,7859806131,Management
b6c8907c-c383-4f0e-bf92-79cc787fb8cd,Laura Schmidt,jason35@example.org,3089014360,Software
9ddabfeb-8514-41bb-9024-13763d954f0f,Edward Holmes,emily89@example.net,5951917042,Management
a001f3df-8ff1-49aa-bb6f-c396ad229421,James Collins,michele92@example.net,4721205924,Marketing
a4d7b8fb-19ca-4a58-9d5a-a919a5c15d42,Michelle Anderson,steven55@example.com,6154500307,HR
f5923f76-cb66-41c7-a9f8-1e22653a5f5b,Melissa Lane,susanpeterson@example.org,9019515655,Software
598436d7-1266-48f5-9108-d3a4187a3602,Laura Mcdonald,zhardy@example.org,521288484,Marketing
272903f1-f08c-4dea-a94d-d0ca65d9d500,Parker Jones,ejohnson@example.org,690343687,Software
1bb902ad-9fbe-4a47-a842-a4786897dd7b,Jessica Davis,wgibson@example.com,9008011748,Marketing
67794c84-99cf-4298-9c54-65e8bdedad21,Michelle Nichols,marquezkevin@example.org,4525433590,Software
99735751-abec-4bb1-8f0e-b3d0d7b0c8c4,Amy Jackson,bailey39@example.com,8840684142,Management
20f97801-546d-44d1-9ac0-7535bcd66c51,Virginia Montgomery,jasongarza@example.com,167058526,Software
07cd4d5b-8120-4d8e-b2bd-ff9d75bc51ca,Dennis Garcia,harrelllisa@example.net,4681073693,Management
51a27f6b-8d91-440a-93e3-e95186f4e027,Megan Herrera,jacobjackson@example.net,1742165044,Marketing
28d25774-d5a3-46c0-b3a4-fa58c99d3c9d,Jennifer Harmon,kimberlylambert@example.net,4111731930,Software
d1b2e8c5-67b9-4ed2-bf1c-5212ad3fab5d,Jonathan Clark,vincent20@example.net,8438857421,Software
e9af433e-af31-40dd-a45b-3c01ffc2a06c,Michelle Medina,glennbrenda@example.net,2950420981,HR
2ffaf79c-030b-4781-86e5-34dd87c1ff64,Matthew Blair,chadsimon@example.net,9715837999,Management
6fa1f8a8-0ade-4cbb-887d-a16f72641b6c,David Wright,james71@example.org,1624898292,Software
e0e92159-52b9-43a5-93ea-acceed01ede3,Joshua Nunez,philipsmith@example.net,2115133189,HR
60cb8197-7c4f-4ef4-9e7d-44c8e2c9f82a,Christopher Johnson,mary65@example.com,947273132,Management
eedb55eb-65b5-4e43-934d-762daf568cb1,Sydney Anderson,turnerjohn@example.net,9544811056,Software
69d7f4e5-bddc-45cc-b9df-7552e1103383,Christy Oconnor,helliott@example.org,295196221,Marketing
a0a72798-e648-4e99-8c82-9aff5a052105,Gregory Brown,janice79@example.net,319950765,HR
fa72101d-d8a5-4c34-a154-f21749c7eadb,Isabel Aguilar,webersean@example.com,7695833266,Software
61cc4591-bfca-4565-9209-a809a9e6adba,Jeremy Johnson,joshua16@example.org,409712681,Management
1ca4af00-d242-478f-8f04-5c6473e3ed29,Joy Avery,hahnpaula@example.com,887861919,Software
3182fa93-0e60-455c-82d7-22e24ba8a455,Heather Mcdonald,feliciajohnson@example.net,8132095848,Software
fa7f94e9-c7a0-4234-83c9-7dffa52ffbc2,Angela Villanueva,swansondaniel@example.com,3348516873,Management
fd9c8f21-bcf5-4445-a68a-205417a8c81e,Melissa Franklin,andersondavid@example.com,8568262960,Software
b2863ee1-e515-4919-b0f6-e07b776ac596,Robin Jones,yhenderson@example.com,8732176739,HR
596835d5-6020-4689-b78b-b47f1aea3151,Michelle Chapman,patriciamartin@example.com,8678927665,Software
9a0aff70-7fb2-429e-8384-c803edbd6dfb,Lisa Hernandez,xvega@example.net,7547527837,Marketing
ba46f2b8-554a-4f9f-ac4e-777643bcc203,Sean Freeman,kstephens@example.com,79673628,Marketing
16b14e55-1b29-4e25-a741-3c27c3f7ced5,Rachel Alexander,drakecarla@example.net,6735697203,Marketing
